collection,encoder,image_family,image_weight,validation_n,pre2025_validation_transaction_mse,pre2025_validation_transaction_rmse
BAYC,DINOv2,OLS,0.0,6187,1.9144069057718818,1.38362094005977
BAYC,DINOv2,OLS,0.1,6187,1.9145628534065215,1.3836772938104178
BAYC,DINOv2,OLS,0.2,6187,1.9148295774431991,1.3837736727670458
BAYC,DINOv2,OLS,0.3,6187,1.9152070778819121,1.3839100685672867
BAYC,DINOv2,OLS,0.4,6187,1.9156953547226618,1.384086469380675
BAYC,DINOv2,OLS,0.5,6187,1.916294407965448,1.3843028599137719
BAYC,DINOv2,OLS,0.6,6187,1.9170042376102705,1.384559221416791
BAYC,DINOv2,OLS,0.7,6187,1.9178248436571292,1.3848555316917102
BAYC,DINOv2,OLS,0.8,6187,1.9187562261060243,1.3851917651018664
BAYC,DINOv2,OLS,0.9,6187,1.9197983849569558,1.3855678925830217
BAYC,DINOv2,OLS,1.0,6187,1.9209513202099233,1.3859838816558883
BAYC,DINOv2,Ridge,0.0,6187,1.9144069057718818,1.38362094005977
BAYC,DINOv2,Ridge,0.1,6187,1.9145308658501121,1.3836657348688346
BAYC,DINOv2,Ridge,0.2,6187,1.914760287728046,1.3837486360347555
BAYC,DINOv2,Ridge,0.3,6187,1.9150951714056832,1.383869636709211
BAYC,DINOv2,Ridge,0.4,6187,1.915535516883022,1.3840287268994895
BAYC,DINOv2,Ridge,0.5,6187,1.9160813241600647,1.384225893472617
BAYC,DINOv2,Ridge,0.6,6187,1.9167325932368104,1.3844611201607686
BAYC,DINOv2,Ridge,0.7,6187,1.9174893241132591,1.3847343875679765
BAYC,DINOv2,Ridge,0.8,6187,1.9183515167894112,1.3850456731781127
BAYC,DINOv2,Ridge,0.9,6187,1.9193191712652655,1.3853949513641464
BAYC,DINOv2,Ridge,1.0,6187,1.9203922875408233,1.385782193398668
BAYC,DINOv2,ElasticNet,0.0,6187,1.9144069057718818,1.38362094005977
BAYC,DINOv2,ElasticNet,0.1,6187,1.9145052635468922,1.383656483216442
BAYC,DINOv2,ElasticNet,0.2,6187,1.9147771422315536,1.383754726182192
BAYC,DINOv2,ElasticNet,0.3,6187,1.9152225418258668,1.3839156556040064
BAYC,DINOv2,ElasticNet,0.4,6187,1.9158414623298299,1.3841392496168259
BAYC,DINOv2,ElasticNet,0.5,6187,1.9166339037434454,1.384425477858395
BAYC,DINOv2,ElasticNet,0.6,6187,1.9175998660667115,1.3847743014898535
BAYC,DINOv2,ElasticNet,0.7,6187,1.9187393492996285,1.3851856732220518
BAYC,DINOv2,ElasticNet,0.8,6187,1.9200523534421974,1.3856595373475395
BAYC,DINOv2,ElasticNet,0.9,6187,1.9215388784944176,1.3861958297781802
BAYC,DINOv2,ElasticNet,1.0,6187,1.9231989244562884,1.3867944780883317
BAYC,DINOv2,PLS,0.0,6187,1.9144069057718818,1.38362094005977
BAYC,DINOv2,PLS,0.1,6187,1.9145357641971301,1.383667504929248
BAYC,DINOv2,PLS,0.2,6187,1.914767787293831,1.3837513459049755
BAYC,DINOv2,PLS,0.3,6187,1.915102975061982,1.383872456211909
BAYC,DINOv2,PLS,0.4,6187,1.9155413275015845,1.3840308260662348
BAYC,DINOv2,PLS,0.5,6187,1.9160828446126374,1.3842264426793174
BAYC,DINOv2,PLS,0.6,6187,1.9167275263951429,1.3844592902628603
BAYC,DINOv2,PLS,0.7,6187,1.9174753728490983,1.3847293500352689
BAYC,DINOv2,PLS,0.8,6187,1.918326383974505,1.385036600229216
BAYC,DINOv2,PLS,0.9,6187,1.919280559771363,1.385381016100395
BAYC,DINOv2,PLS,1.0,6187,1.9203379002396728,1.3857625699374596
BAYC,DINOv2,LinearSVR,0.0,6187,1.9144069057718818,1.38362094005977
BAYC,DINOv2,LinearSVR,0.1,6187,1.914542283052094,1.3836698605708277
BAYC,DINOv2,LinearSVR,0.2,6187,1.9147845465105926,1.3837574016100482
BAYC,DINOv2,LinearSVR,0.3,6187,1.9151336961473768,1.3838835558483151
BAYC,DINOv2,LinearSVR,0.4,6187,1.915589731962447,1.384048312726997
BAYC,DINOv2,LinearSVR,0.5,6187,1.9161526539558038,1.3842516584623634
BAYC,DINOv2,LinearSVR,0.6,6187,1.9168224621274448,1.3844935760513462
BAYC,DINOv2,LinearSVR,0.7,6187,1.9175991564773724,1.3847740452786412
BAYC,DINOv2,LinearSVR,0.8,6187,1.9184827370055861,1.3850930427251398
BAYC,DINOv2,LinearSVR,0.9,6187,1.9194732037120852,1.3854505417776866
BAYC,DINOv2,LinearSVR,1.0,6187,1.9205705565968707,1.3858465126401518
BAYC,DINOv2,HistGradientBoosting,0.0,6187,1.9144069057718818,1.38362094005977
BAYC,DINOv2,HistGradientBoosting,0.1,6187,1.9143449593349555,1.3835985542544325
BAYC,DINOv2,HistGradientBoosting,0.2,6187,1.9144597537458614,1.3836400376347389
BAYC,DINOv2,HistGradientBoosting,0.3,6187,1.9147512890045988,1.3837453844564753
BAYC,DINOv2,HistGradientBoosting,0.4,6187,1.9152195651111672,1.3839145801353374
BAYC,DINOv2,HistGradientBoosting,0.5,6187,1.9158645820655666,1.3841476012570215
BAYC,DINOv2,HistGradientBoosting,0.6,6187,1.9166863398677978,1.384444415593417
BAYC,DINOv2,HistGradientBoosting,0.7,6187,1.9176848385178609,1.3848049821248698
BAYC,DINOv2,HistGradientBoosting,0.8,6187,1.9188600780157552,1.3852292510684847
BAYC,DINOv2,HistGradientBoosting,0.9,6187,1.9202120583614803,1.38571716391242
BAYC,DINOv2,HistGradientBoosting,1.0,6187,1.9217407795550372,1.3862686534561175
BAYC,DINOv2,XGBoost,0.0,6187,1.9144069057718818,1.38362094005977
BAYC,DINOv2,XGBoost,0.1,6187,1.9143751767968349,1.3836094740918894
BAYC,DINOv2,XGBoost,0.2,6187,1.9145170274385483,1.383660734225897
BAYC,DINOv2,XGBoost,0.3,6187,1.9148324576970226,1.3837747134909724
BAYC,DINOv2,XGBoost,0.4,6187,1.915321467572257,1.3839513963908765
BAYC,DINOv2,XGBoost,0.5,6187,1.915984057064252,1.3841907589144828
BAYC,DINOv2,XGBoost,0.6,6187,1.916820226173007,1.3844927685520814
BAYC,DINOv2,XGBoost,0.7,6187,1.917829974898523,1.3848573843174332
BAYC,DINOv2,XGBoost,0.8,6187,1.9190133032407992,1.385284556775538
BAYC,DINOv2,XGBoost,0.9,6187,1.9203702111998355,1.3857742280760728
BAYC,DINOv2,XGBoost,1.0,6187,1.921900698775633,1.3863263319924473
BAYC,DINOv2,LightGBM,0.0,6187,1.9144069057718818,1.38362094005977
BAYC,DINOv2,LightGBM,0.1,6187,1.9143499143797187,1.383600344889997
BAYC,DINOv2,LightGBM,0.2,6187,1.9144673822956275,1.383642794327939
BAYC,DINOv2,LightGBM,0.3,6187,1.914759309519608,1.3837482825715117
BAYC,DINOv2,LightGBM,0.4,6187,1.9152256960516592,1.3839167952054268
BAYC,DINOv2,LightGBM,0.5,6187,1.9158665418917815,1.3841483092110403
BAYC,DINOv2,LightGBM,0.6,6187,1.9166818470399758,1.384442792982063
BAYC,DINOv2,LightGBM,0.7,6187,1.917671611496242,1.3848002063461147
BAYC,DINOv2,LightGBM,0.8,6187,1.9188358352605779,1.385220500592082
BAYC,DINOv2,LightGBM,0.9,6187,1.9201745183329861,1.3857036185032447
BAYC,DINOv2,LightGBM,1.0,6187,1.9216876607134652,1.3862494943961081
BAYC,CLIP,OLS,0.0,6187,1.9144069057718818,1.38362094005977
BAYC,CLIP,OLS,0.1,6187,1.9144409515169494,1.3836332431381335
BAYC,CLIP,OLS,0.2,6187,1.914623668830982,1.3836992696503752
BAYC,CLIP,OLS,0.3,6187,1.9149550577139796,1.3838190119065352
BAYC,CLIP,OLS,0.4,6187,1.9154351181659406,1.3839924559642443
BAYC,CLIP,OLS,0.5,6187,1.9160638501868676,1.3842195816368397
BAYC,CLIP,OLS,0.6,6187,1.9168412537767585,1.3845003625051018
BAYC,CLIP,OLS,0.7,6187,1.9177673289356136,1.3848347659326052
BAYC,CLIP,OLS,0.8,6187,1.9188420756634343,1.3852227530846561
BAYC,CLIP,OLS,0.9,6187,1.920065493960219,1.3856642789507922
BAYC,CLIP,OLS,1.0,6187,1.9214375838259685,1.3861592923708186
BAYC,CLIP,Ridge,0.0,6187,1.9144069057718818,1.38362094005977
BAYC,CLIP,Ridge,0.1,6187,1.914439389064406,1.383632678518546
BAYC,CLIP,Ridge,0.2,6187,1.9146145851799727,1.3836959872674246
BAYC,CLIP,Ridge,0.3,6187,1.9149324941185824,1.3838108592284504
BAYC,CLIP,Ridge,0.4,6187,1.9153931158802333,1.383977281562177
BAYC,CLIP,Ridge,0.5,6187,1.9159964504649274,1.3841952356748406
BAYC,CLIP,Ridge,0.6,6187,1.9167424978726626,1.3844646972287384
BAYC,CLIP,Ridge,0.7,6187,1.9176312581034411,1.3847856361558064
BAYC,CLIP,Ridge,0.8,6187,1.918662731157261,1.3851580166743653
BAYC,CLIP,Ridge,0.9,6187,1.9198369170341234,1.3855817973090305
BAYC,CLIP,Ridge,1.0,6187,1.9211538157340278,1.3860569309137443
BAYC,CLIP,ElasticNet,0.0,6187,1.9144069057718818,1.38362094005977
BAYC,CLIP,ElasticNet,0.1,6187,1.9144458464342955,1.3836350120007428
BAYC,CLIP,ElasticNet,0.2,6187,1.914626707008629,1.3837003674960229
BAYC,CLIP,ElasticNet,0.3,6187,1.9149494874948805,1.3838169992794858
BAYC,CLIP,ElasticNet,0.4,6187,1.9154141878930515,1.3839848943875983
BAYC,CLIP,ElasticNet,0.5,6187,1.9160208082031418,1.3842040341666186
BAYC,CLIP,ElasticNet,0.6,6187,1.91676934842515,1.3844743942829532
BAYC,CLIP,ElasticNet,0.7,6187,1.9176598085590773,1.3847959447366522
BAYC,CLIP,ElasticNet,0.8,6187,1.9186921886049237,1.3851686498780298
BAYC,CLIP,ElasticNet,0.9,6187,1.9198664885626888,1.3855924684273833
BAYC,CLIP,ElasticNet,1.0,6187,1.921182708432373,1.3860673534977919
BAYC,CLIP,PLS,0.0,6187,1.9144069057718818,1.38362094005977
BAYC,CLIP,PLS,0.1,6187,1.9143967983596513,1.3836172875328103
BAYC,CLIP,PLS,0.2,6187,1.9145303131113423,1.3836655351317175
BAYC,CLIP,PLS,0.3,6187,1.9148074500269556,1.3837656774277052
BAYC,CLIP,PLS,0.4,6187,1.91522820910649,1.3839177031552454
BAYC,CLIP,PLS,0.5,6187,1.915792590349947,1.3841215952184067
BAYC,CLIP,PLS,0.6,6187,1.9165005937573265,1.3843773307004585
BAYC,CLIP,PLS,0.7,6187,1.917352219328627,1.3846848808767382
BAYC,CLIP,PLS,0.8,6187,1.9183474670638496,1.3850442112307642
BAYC,CLIP,PLS,0.9,6187,1.9194863369629946,1.3854552814735648
BAYC,CLIP,PLS,1.0,6187,1.9207688290260605,1.385918045566209
BAYC,CLIP,LinearSVR,0.0,6187,1.9144069057718818,1.38362094005977
BAYC,CLIP,LinearSVR,0.1,6187,1.9144332471993821,1.3836304590458328
BAYC,CLIP,LinearSVR,0.2,6187,1.9146022694695766,1.383691536965366
BAYC,CLIP,LinearSVR,0.3,6187,1.9149139725824655,1.3838041669912928
BAYC,CLIP,LinearSVR,0.4,6187,1.9153683565380484,1.383968336537382
BAYC,CLIP,LinearSVR,0.5,6187,1.9159654213363257,1.3841840272652788
BAYC,CLIP,LinearSVR,0.6,6187,1.9167051669772979,1.3844512150947386
BAYC,CLIP,LinearSVR,0.7,6187,1.9175875934609636,1.3847698702170566
BAYC,CLIP,LinearSVR,0.8,6187,1.9186127007873237,1.3851399571116716
BAYC,CLIP,LinearSVR,0.9,6187,1.9197804889563783,1.3855614345659228
BAYC,CLIP,LinearSVR,1.0,6187,1.9210909579681281,1.3860342556979348
BAYC,CLIP,HistGradientBoosting,0.0,6187,1.9144069057718818,1.38362094005977
BAYC,CLIP,HistGradientBoosting,0.1,6187,1.9143758839195235,1.38360972962737
BAYC,CLIP,HistGradientBoosting,0.2,6187,1.9145052104060762,1.383656464013404
BAYC,CLIP,HistGradientBoosting,0.3,6187,1.9147948852315384,1.3837611373468828
BAYC,CLIP,HistGradientBoosting,0.4,6187,1.9152449083959109,1.3839237364811368
BAYC,CLIP,HistGradientBoosting,0.5,6187,1.915855279899194,1.384144241002069
BAYC,CLIP,HistGradientBoosting,0.6,6187,1.9166259997413866,1.384422623240962
BAYC,CLIP,HistGradientBoosting,0.7,6187,1.9175570679224891,1.3847588482918205
BAYC,CLIP,HistGradientBoosting,0.8,6187,1.9186484844425025,1.3851528740332246
BAYC,CLIP,HistGradientBoosting,0.9,6187,1.9199002493014254,1.3856046511546594
BAYC,CLIP,HistGradientBoosting,1.0,6187,1.921312362499259,1.386114123187286
BAYC,CLIP,XGBoost,0.0,6187,1.9144069057718818,1.38362094005977
BAYC,CLIP,XGBoost,0.1,6187,1.9143773365102534,1.3836102545551812
BAYC,CLIP,XGBoost,0.2,6187,1.9145076109752883,1.3836573314861191
BAYC,CLIP,XGBoost,0.3,6187,1.9147977291669853,1.3837621649571812
BAYC,CLIP,XGBoost,0.4,6187,1.9152476910853442,1.383924741843047
BAYC,CLIP,XGBoost,0.5,6187,1.915857496730365,1.3841450417966916
BAYC,CLIP,XGBoost,0.6,6187,1.916627146102049,1.3844230372621111
BAYC,CLIP,XGBoost,0.7,6187,1.9175566392003958,1.3847586934915397
BAYC,CLIP,XGBoost,0.8,6187,1.9186459760254029,1.3851519685671327
BAYC,CLIP,XGBoost,0.9,6187,1.9198951565770739,1.3856028134270924
BAYC,CLIP,XGBoost,1.0,6187,1.9213041808554063,1.3861111718961818
BAYC,CLIP,LightGBM,0.0,6187,1.9144069057718818,1.38362094005977
BAYC,CLIP,LightGBM,0.1,6187,1.9143785281897425,1.383610685196433
BAYC,CLIP,LightGBM,0.2,6187,1.914511592194179,1.383658770143195
BAYC,CLIP,LightGBM,0.3,6187,1.91480609778519,1.3837651888182438
BAYC,CLIP,LightGBM,0.4,6187,1.915262044962777,1.3839299277646888
BAYC,CLIP,LightGBM,0.5,6187,1.9158794337269383,1.3841529661590652
BAYC,CLIP,LightGBM,0.6,6187,1.9166582640776755,1.3844342758244883
BAYC,CLIP,LightGBM,0.7,6187,1.9175985360149872,1.384773821248433
BAYC,CLIP,LightGBM,0.8,6187,1.9187002495388752,1.3851715596051182
BAYC,CLIP,LightGBM,0.9,6187,1.919963404649337,1.3856274407824554
BAYC,CLIP,LightGBM,1.0,6187,1.9213880013463742,1.3861414074135345
BAYC,SigLIP2,OLS,0.0,6187,1.9144069057718818,1.38362094005977
BAYC,SigLIP2,OLS,0.1,6187,1.9142296600800641,1.3835568871860904
BAYC,SigLIP2,OLS,0.2,6187,1.914305447798201,1.3835842756399774
BAYC,SigLIP2,OLS,0.3,6187,1.9146342689262925,1.3837030999915743
BAYC,SigLIP2,OLS,0.4,6187,1.9152161234643374,1.3839133366885144
BAYC,SigLIP2,OLS,0.5,6187,1.9160510114123366,1.3842149440792555
BAYC,SigLIP2,OLS,0.6,6187,1.9171389327702897,1.3846078624543086
BAYC,SigLIP2,OLS,0.7,6187,1.918479887538197,1.3850920141052712
BAYC,SigLIP2,OLS,0.8,6187,1.920073875716059,1.3856673034015268
BAYC,SigLIP2,OLS,0.9,6187,1.921920897303874,1.3863336168844331
BAYC,SigLIP2,OLS,1.0,6187,1.9240209523016438,1.387090823378788
BAYC,SigLIP2,Ridge,0.0,6187,1.9144069057718818,1.38362094005977
BAYC,SigLIP2,Ridge,0.1,6187,1.9142807121891943,1.3835753366510963
BAYC,SigLIP2,Ridge,0.2,6187,1.9142457620692286,1.3835627062295472
BAYC,SigLIP2,Ridge,0.3,6187,1.9143020554119854,1.3835830496981327
BAYC,SigLIP2,Ridge,0.4,6187,1.9144495922174645,1.3836363656024167
BAYC,SigLIP2,Ridge,0.5,6187,1.9146883724856647,1.3837226501310387
BAYC,SigLIP2,Ridge,0.6,6187,1.9150183962165876,1.3838418971170758
BAYC,SigLIP2,Ridge,0.7,6187,1.9154396634102322,1.3839940980402454
BAYC,SigLIP2,Ridge,0.8,6187,1.9159521740665995,1.3841792420299472
BAYC,SigLIP2,Ridge,0.9,6187,1.9165559281856885,1.3843973158691434
BAYC,SigLIP2,Ridge,1.0,6187,1.917250925767499,1.3846483039990694
BAYC,SigLIP2,ElasticNet,0.0,6187,1.9144069057718818,1.38362094005977
BAYC,SigLIP2,ElasticNet,0.1,6187,1.9143279060529454,1.3835923915853778
BAYC,SigLIP2,ElasticNet,0.2,6187,1.9143244349759456,1.383591137213572
BAYC,SigLIP2,ElasticNet,0.3,6187,1.9143964925408812,1.383617177018586
BAYC,SigLIP2,ElasticNet,0.4,6187,1.914544078747752,1.3836705094594421
BAYC,SigLIP2,ElasticNet,0.5,6187,1.9147671935965587,1.3837511313804078
BAYC,SigLIP2,ElasticNet,0.6,6187,1.9150658370873015,1.3838590380119289
BAYC,SigLIP2,ElasticNet,0.7,6187,1.9154400092199793,1.3839942229720394
BAYC,SigLIP2,ElasticNet,0.8,6187,1.915889709994593,1.384156678268249
BAYC,SigLIP2,ElasticNet,0.9,6187,1.916414939411143,1.3843463942999032
BAYC,SigLIP2,ElasticNet,1.0,6187,1.9170156974696282,1.384563359861017
BAYC,SigLIP2,PLS,0.0,6187,1.9144069057718818,1.38362094005977
BAYC,SigLIP2,PLS,0.1,6187,1.9143177019343995,1.3835887040354151
BAYC,SigLIP2,PLS,0.2,6187,1.9143114607525027,1.3835864486010632
BAYC,SigLIP2,PLS,0.3,6187,1.9143881822261897,1.3836141739033283
BAYC,SigLIP2,PLS,0.4,6187,1.914547866355462,1.3836718781399953
BAYC,SigLIP2,PLS,0.5,6187,1.9147905131403191,1.3837595575606043
BAYC,SigLIP2,PLS,0.6,6187,1.9151161225807616,1.3838772064676699
BAYC,SigLIP2,PLS,0.7,6187,1.9155246946767883,1.384024817218531
BAYC,SigLIP2,PLS,0.8,6187,1.9160162294284,1.3842023802278336
BAYC,SigLIP2,PLS,0.9,6187,1.9165907268355964,1.3844098839706385
BAYC,SigLIP2,PLS,1.0,6187,1.9172481868983784,1.3846473149861587
BAYC,SigLIP2,LinearSVR,0.0,6187,1.9144069057718818,1.38362094005977
BAYC,SigLIP2,LinearSVR,0.1,6187,1.914270915415097,1.383571796263243
BAYC,SigLIP2,LinearSVR,0.2,6187,1.9142370942462272,1.383559573797322
BAYC,SigLIP2,LinearSVR,0.3,6187,1.9143054422652725,1.3835842736404864
BAYC,SigLIP2,LinearSVR,0.4,6187,1.9144759594722318,1.3836458938154053
BAYC,SigLIP2,LinearSVR,0.5,6187,1.9147486458671066,1.383744429389729
BAYC,SigLIP2,LinearSVR,0.6,6187,1.9151235014498953,1.3838798724780614
BAYC,SigLIP2,LinearSVR,0.7,6187,1.9156005262205988,1.3840522122451158
BAYC,SigLIP2,LinearSVR,0.8,6187,1.9161797201792177,1.3842614349100453
BAYC,SigLIP2,LinearSVR,0.9,6187,1.916861083325751,1.384507523751948
BAYC,SigLIP2,LinearSVR,1.0,6187,1.917644615660198,1.38479045911654
BAYC,SigLIP2,HistGradientBoosting,0.0,6187,1.9144069057718818,1.38362094005977
BAYC,SigLIP2,HistGradientBoosting,0.1,6187,1.914395700172856,1.3836168906792286
BAYC,SigLIP2,HistGradientBoosting,0.2,6187,1.9145339511186834,1.3836668497578033
BAYC,SigLIP2,HistGradientBoosting,0.3,6187,1.9148216586093632,1.3837708114457983
BAYC,SigLIP2,HistGradientBoosting,0.4,6187,1.9152588226448948,1.383928763573073
BAYC,SigLIP2,HistGradientBoosting,0.5,6187,1.9158454432252794,1.3841406876561644
BAYC,SigLIP2,HistGradientBoosting,0.6,6187,1.916581520350516,1.384406558909093
BAYC,SigLIP2,HistGradientBoosting,0.7,6187,1.917467054020605,1.3847263462578463
BAYC,SigLIP2,HistGradientBoosting,0.8,6187,1.918502044235546,1.3851000123585104
BAYC,SigLIP2,HistGradientBoosting,0.9,6187,1.9196864909953402,1.3855275136190333
BAYC,SigLIP2,HistGradientBoosting,1.0,6187,1.9210203942999862,1.3860088002245823
BAYC,SigLIP2,XGBoost,0.0,6187,1.9144069057718818,1.38362094005977
BAYC,SigLIP2,XGBoost,0.1,6187,1.9144084264330778,1.3836214895819874
BAYC,SigLIP2,XGBoost,0.2,6187,1.914553526679033,1.3836739235379965
BAYC,SigLIP2,XGBoost,0.3,6187,1.9148422065097483,1.3837782360298012
BAYC,SigLIP2,XGBoost,0.4,6187,1.9152744659252228,1.3839344153265438
BAYC,SigLIP2,XGBoost,0.5,6187,1.9158503049254558,1.384142443871098
BAYC,SigLIP2,XGBoost,0.6,6187,1.9165697235104484,1.3844022982899329
BAYC,SigLIP2,XGBoost,0.7,6187,1.9174327216802012,1.3847139494062306
BAYC,SigLIP2,XGBoost,0.8,6187,1.9184392994347121,1.3850773622562431
BAYC,SigLIP2,XGBoost,0.9,6187,1.919589456773983,1.3854924961088686
BAYC,SigLIP2,XGBoost,1.0,6187,1.920883193698013,1.3859593044884158
BAYC,SigLIP2,LightGBM,0.0,6187,1.9144069057718818,1.38362094005977
BAYC,SigLIP2,LightGBM,0.1,6187,1.9143716402252042,1.3836081960675155
BAYC,SigLIP2,LightGBM,0.2,6187,1.9144948863413302,1.3836527332901598
BAYC,SigLIP2,LightGBM,0.3,6187,1.9147766441202598,1.3837545461967813
BAYC,SigLIP2,LightGBM,0.4,6187,1.915216913561992,1.3839136221462638
BAYC,SigLIP2,LightGBM,0.5,6187,1.9158156946665283,1.3841299413951453
BAYC,SigLIP2,LightGBM,0.6,6187,1.9165729874338673,1.3844034771098588
BAYC,SigLIP2,LightGBM,0.7,6187,1.91748879186401,1.3847341953833632
BAYC,SigLIP2,LightGBM,0.8,6187,1.9185631079569558,1.3851220552561265
BAYC,SigLIP2,LightGBM,0.9,6187,1.9197959357127046,1.3855670087414411
BAYC,SigLIP2,LightGBM,1.0,6187,1.9211872751312573,1.3860690008550287
BAYC,SAM,OLS,0.0,6187,1.9144069057718818,1.38362094005977
BAYC,SAM,OLS,0.1,6187,1.9145319384522528,1.383666122463166
BAYC,SAM,OLS,0.2,6187,1.9148164170321818,1.3837689174974923
BAYC,SAM,OLS,0.3,6187,1.9152603415116674,1.3839293123247542
BAYC,SAM,OLS,0.4,6187,1.9158637118907094,1.3841472869209799
BAYC,SAM,OLS,0.5,6187,1.9166265281693087,1.384422814088712
BAYC,SAM,OLS,0.6,6187,1.9175487903474648,1.3847558594739597
BAYC,SAM,OLS,0.7,6187,1.9186304984251783,1.3851463815875844
BAYC,SAM,OLS,0.8,6187,1.9198716524024484,1.3855943318310913
BAYC,SAM,OLS,0.9,6187,1.9212722522792762,1.3860996545267863
BAYC,SAM,OLS,1.0,6187,1.9228322980556598,1.3866622869522556
BAYC,SAM,Ridge,0.0,6187,1.9144069057718818,1.38362094005977
BAYC,SAM,Ridge,0.1,6187,1.9145323201631648,1.3836662603977756
BAYC,SAM,Ridge,0.2,6187,1.9148172206111953,1.3837692078562795
BAYC,SAM,Ridge,0.3,6187,1.9152616071159732,1.383929769575022
BAYC,SAM,Ridge,0.4,6187,1.915865479677498,1.3841479255041702
BAYC,SAM,Ridge,0.5,6187,1.9166288382957715,1.3844236484168317
BAYC,SAM,Ridge,0.6,6187,1.917551682970792,1.3847569039260255
BAYC,SAM,Ridge,0.7,6187,1.91863401370256,1.3851476505060967
BAYC,SAM,Ridge,0.8,6187,1.9198758304910748,1.3855958395185353
BAYC,SAM,Ridge,0.9,6187,1.9212771333363372,1.3861014152421667
BAYC,SAM,Ridge,1.0,6187,1.9228379222383474,1.3866643149076663
BAYC,SAM,ElasticNet,0.0,6187,1.9144069057718818,1.38362094005977
BAYC,SAM,ElasticNet,0.1,6187,1.914487898303158,1.3836502080739763
BAYC,SAM,ElasticNet,0.2,6187,1.9147788094325526,1.383755328601322
BAYC,SAM,ElasticNet,0.3,6187,1.9152796391600653,1.3839362843570744
BAYC,SAM,ElasticNet,0.4,6187,1.9159903874856967,1.3841930455993834
BAYC,SAM,ElasticNet,0.5,6187,1.9169110544094459,1.3845255701537065
BAYC,SAM,ElasticNet,0.6,6187,1.9180416399313147,1.384933803447412
BAYC,SAM,ElasticNet,0.7,6187,1.9193821440513004,1.3854176785544858
BAYC,SAM,ElasticNet,0.8,6187,1.9209325667694055,1.3859771162502668
BAYC,SAM,ElasticNet,0.9,6187,1.9226929080856288,1.386612025076095
BAYC,SAM,ElasticNet,1.0,6187,1.9246631679999704,1.3873223014137597
BAYC,SAM,PLS,0.0,6187,1.9144069057718818,1.38362094005977
BAYC,SAM,PLS,0.1,6187,1.9145248695027963,1.3836635680333556
BAYC,SAM,PLS,0.2,6187,1.9148057839504673,1.3837650754194035
BAYC,SAM,PLS,0.3,6187,1.915249649114895,1.3839254492619517
BAYC,SAM,PLS,0.4,6187,1.9158564649960788,1.3841446690993247
BAYC,SAM,PLS,0.5,6187,1.9166262315940188,1.3844227069771786
BAYC,SAM,PLS,0.6,6187,1.9175589489087161,1.3847595274663094
BAYC,SAM,PLS,0.7,6187,1.9186546169401688,1.3851550876851908
BAYC,SAM,PLS,0.8,6187,1.9199132356883781,1.3856093373272202
BAYC,SAM,PLS,0.9,6187,1.9213348051533445,1.3861222186926174
BAYC,SAM,PLS,1.0,6187,1.9229193253350667,1.3866936667249428
BAYC,SAM,LinearSVR,0.0,6187,1.9144069057718818,1.38362094005977
BAYC,SAM,LinearSVR,0.1,6187,1.9145192014392927,1.383661519823144
BAYC,SAM,LinearSVR,0.2,6187,1.9147938756771699,1.3837607725604777
BAYC,SAM,LinearSVR,0.3,6187,1.9152309284855134,1.3839186856479369
BAYC,SAM,LinearSVR,0.4,6187,1.9158303598643234,1.3841352390082131
BAYC,SAM,LinearSVR,0.5,6187,1.9165921698135988,1.384410405123278
BAYC,SAM,LinearSVR,0.6,6187,1.9175163583333412,1.3847441490518533
BAYC,SAM,LinearSVR,0.7,6187,1.9186029254235506,1.3851364284515626
BAYC,SAM,LinearSVR,0.8,6187,1.9198518710842252,1.385587193605738
BAYC,SAM,LinearSVR,0.9,6187,1.9212631953153676,1.3860963874548435
BAYC,SAM,LinearSVR,1.0,6187,1.9228368981169746,1.3866639456324574
BAYC,SAM,HistGradientBoosting,0.0,6187,1.9144069057718818,1.38362094005977
BAYC,SAM,HistGradientBoosting,0.1,6187,1.91442261338255,1.3836266163176212
BAYC,SAM,HistGradientBoosting,0.2,6187,1.9146306907961481,1.3837018070365263
BAYC,SAM,HistGradientBoosting,0.3,6187,1.9150311380126783,1.3838465008853686
BAYC,SAM,HistGradientBoosting,0.4,6187,1.9156239550321388,1.3840606760659515
BAYC,SAM,HistGradientBoosting,0.5,6187,1.9164091418545302,1.3843443003294122
BAYC,SAM,HistGradientBoosting,0.6,6187,1.9173866984798529,1.38469733100048
BAYC,SAM,HistGradientBoosting,0.7,6187,1.9185566249081056,1.3851197150095387
BAYC,SAM,HistGradientBoosting,0.8,6187,1.91991892113929,1.3856113889324415
BAYC,SAM,HistGradientBoosting,0.9,6187,1.9214735871734048,1.3861722790380007
BAYC,SAM,HistGradientBoosting,1.0,6187,1.92322062301045,1.3868023013430755
BAYC,SAM,XGBoost,0.0,6187,1.9144069057718818,1.38362094005977
BAYC,SAM,XGBoost,0.1,6187,1.914393863165622,1.383616226836626
BAYC,SAM,XGBoost,0.2,6187,1.9145808484249152,1.3836837964018063
BAYC,SAM,XGBoost,0.3,6187,1.9149678615497623,1.3838236381670037
BAYC,SAM,XGBoost,0.4,6187,1.9155549025401628,1.384035730225258
BAYC,SAM,XGBoost,0.5,6187,1.9163419713961176,1.3843200393681072
BAYC,SAM,XGBoost,0.6,6187,1.9173290681176256,1.3846765211115648
BAYC,SAM,XGBoost,0.7,6187,1.918516192704687,1.385105119730877
BAYC,SAM,XGBoost,0.8,6187,1.9199033451573013,1.385605768303994
BAYC,SAM,XGBoost,0.9,6187,1.9214905254754708,1.3861783887636796
BAYC,SAM,XGBoost,1.0,6187,1.9232777336591924,1.3868228919581593
BAYC,SAM,LightGBM,0.0,6187,1.9144069057718818,1.38362094005977
BAYC,SAM,LightGBM,0.1,6187,1.9144696663575191,1.383643619707589
BAYC,SAM,LightGBM,0.2,6187,1.9147275311514071,1.3837367998110794
BAYC,SAM,LightGBM,0.3,6187,1.9151805001535478,1.3839004661295362
BAYC,SAM,LightGBM,0.4,6187,1.9158285733639395,1.3841345936591354
BAYC,SAM,LightGBM,0.5,6187,1.9166717507825826,1.3844391466520234
BAYC,SAM,LightGBM,0.6,6187,1.9177100324094771,1.3848140786435834
BAYC,SAM,LightGBM,0.7,6187,1.9189434182446226,1.385259332487828
BAYC,SAM,LightGBM,0.8,6187,1.9203719082880202,1.3857748404008567
BAYC,SAM,LightGBM,0.9,6187,1.9219955025396689,1.3863605240123036
BAYC,SAM,LightGBM,1.0,6187,1.9238142009995687,1.3870162944246793
BAYC,SDXL_VAE,OLS,0.0,6187,1.9144069057718818,1.38362094005977
BAYC,SDXL_VAE,OLS,0.1,6187,1.9143761037694418,1.3836098090753195
BAYC,SDXL_VAE,OLS,0.2,6187,1.914473319001064,1.3836449396434998
BAYC,SDXL_VAE,OLS,0.3,6187,1.9146985514667485,1.3837263282407937
BAYC,SDXL_VAE,OLS,0.4,6187,1.915051801166496,1.3838539667054817
BAYC,SDXL_VAE,OLS,0.5,6187,1.915533068100305,1.3840278422417323
BAYC,SDXL_VAE,OLS,0.6,6187,1.9161423522681769,1.384247937426015
BAYC,SDXL_VAE,OLS,0.7,6187,1.9168796536701107,1.3845142302158222
BAYC,SDXL_VAE,OLS,0.8,6187,1.9177449723061073,1.3848266939606946
BAYC,SDXL_VAE,OLS,0.9,6187,1.9187383081761662,1.3851852974155356
BAYC,SDXL_VAE,OLS,1.0,6187,1.919859661280287,1.3855900047562002
BAYC,SDXL_VAE,Ridge,0.0,6187,1.9144069057718818,1.38362094005977
BAYC,SDXL_VAE,Ridge,0.1,6187,1.914342822958491,1.3835977822179721
BAYC,SDXL_VAE,Ridge,0.2,6187,1.9143523410736962,1.3836012218387552
BAYC,SDXL_VAE,Ridge,0.3,6187,1.9144354601174987,1.3836312587237607
BAYC,SDXL_VAE,Ridge,0.4,6187,1.9145921800898964,1.3836878911408803
BAYC,SDXL_VAE,Ridge,0.5,6187,1.9148225009908908,1.383771115824756
BAYC,SDXL_VAE,Ridge,0.6,6187,1.9151264228204805,1.3838809279777218
BAYC,SDXL_VAE,Ridge,0.7,6187,1.9155039455786669,1.384017321271185
BAYC,SDXL_VAE,Ridge,0.8,6187,1.9159550692654497,1.38418028784745
BAYC,SDXL_VAE,Ridge,0.9,6187,1.9164797938808282,1.3843698183219786
BAYC,SDXL_VAE,Ridge,1.0,6187,1.9170781194248026,1.3845859017860909
BAYC,SDXL_VAE,ElasticNet,0.0,6187,1.9144069057718818,1.38362094005977
BAYC,SDXL_VAE,ElasticNet,0.1,6187,1.9143263504207397,1.3835918294138412
BAYC,SDXL_VAE,ElasticNet,0.2,6187,1.9143104329158727,1.3835860771617619
BAYC,SDXL_VAE,ElasticNet,0.3,6187,1.9143591532572823,1.3836036835948662
BAYC,SDXL_VAE,ElasticNet,0.4,6187,1.9144725114449677,1.3836446478214584
BAYC,SDXL_VAE,ElasticNet,0.5,6187,1.9146505074789286,1.3837089677670404
BAYC,SDXL_VAE,ElasticNet,0.6,6187,1.9148931413591654,1.3837966401748363
BAYC,SDXL_VAE,ElasticNet,0.7,6187,1.9152004130856781,1.3839076606066165
BAYC,SDXL_VAE,ElasticNet,0.8,6187,1.9155723226584669,1.384042023443821
BAYC,SDXL_VAE,ElasticNet,0.9,6187,1.9160088700775315,1.3841997218889808
BAYC,SDXL_VAE,ElasticNet,1.0,6187,1.9165100553428722,1.3843807479674342
BAYC,SDXL_VAE,PLS,0.0,6187,1.9144069057718818,1.38362094005977
BAYC,SDXL_VAE,PLS,0.1,6187,1.9143554434566874,1.3836023429644397
BAYC,SDXL_VAE,PLS,0.2,6187,1.9144137567297697,1.383623415792668
BAYC,SDXL_VAE,PLS,0.3,6187,1.9145818455911303,1.3836841567319944
BAYC,SDXL_VAE,PLS,0.4,6187,1.9148597100407678,1.3837845605587482
BAYC,SDXL_VAE,PLS,0.5,6187,1.915247350078682,1.3839246186402936
BAYC,SDXL_VAE,PLS,0.6,6187,1.9157447657048736,1.38410431893874
BAYC,SDXL_VAE,PLS,0.7,6187,1.9163519569193428,1.3843236460161124
BAYC,SDXL_VAE,PLS,0.8,6187,1.917068923722089,1.3845825810409753
BAYC,SDXL_VAE,PLS,0.9,6187,1.9178956661131124,1.3848811017965088
BAYC,SDXL_VAE,PLS,1.0,6187,1.9188321840924127,1.385219182690022
BAYC,SDXL_VAE,LinearSVR,0.0,6187,1.9144069057718818,1.38362094005977
BAYC,SDXL_VAE,LinearSVR,0.1,6187,1.914353004322257,1.3836014615207144
BAYC,SDXL_VAE,LinearSVR,0.2,6187,1.9144164127116552,1.3836243755845208
BAYC,SDXL_VAE,LinearSVR,0.3,6187,1.9145971309400756,1.3836896801451095
BAYC,SDXL_VAE,LinearSVR,0.4,6187,1.9148951590075178,1.383797369200967
BAYC,SDXL_VAE,LinearSVR,0.5,6187,1.9153104969139838,1.3839474328579044
BAYC,SDXL_VAE,LinearSVR,0.6,6187,1.9158431446594715,1.3841398573335975
BAYC,SDXL_VAE,LinearSVR,0.7,6187,1.9164931022439808,1.3843746249639153
BAYC,SDXL_VAE,LinearSVR,0.8,6187,1.9172603696675132,1.3846517142110188
BAYC,SDXL_VAE,LinearSVR,0.9,6187,1.9181449469300682,1.3849710996732272
BAYC,SDXL_VAE,LinearSVR,1.0,6187,1.9191468340316447,1.3853327520966379
BAYC,SDXL_VAE,HistGradientBoosting,0.0,6187,1.9144069057718818,1.38362094005977
BAYC,SDXL_VAE,HistGradientBoosting,0.1,6187,1.9142372614420953,1.38355963421968
BAYC,SDXL_VAE,HistGradientBoosting,0.2,6187,1.9141578787961968,1.3835309460927128
BAYC,SDXL_VAE,HistGradientBoosting,0.3,6187,1.914168757834186,1.38353487770789
BAYC,SDXL_VAE,HistGradientBoosting,0.4,6187,1.9142698985560636,1.3835714287871312
BAYC,SDXL_VAE,HistGradientBoosting,0.5,6187,1.914461300961829,1.3836405967453502
BAYC,SDXL_VAE,HistGradientBoosting,0.6,6187,1.914742965051482,1.3837423766913703
BAYC,SDXL_VAE,HistGradientBoosting,0.7,6187,1.9151148908250235,1.3838767614296525
BAYC,SDXL_VAE,HistGradientBoosting,0.8,6187,1.9155770782824533,1.3840437414628388
BAYC,SDXL_VAE,HistGradientBoosting,0.9,6187,1.9161295274237697,1.3842433049951044
BAYC,SDXL_VAE,HistGradientBoosting,1.0,6187,1.9167722382489751,1.3844754379363235
BAYC,SDXL_VAE,XGBoost,0.0,6187,1.9144069057718818,1.38362094005977
BAYC,SDXL_VAE,XGBoost,0.1,6187,1.9142347845119136,1.3835587390898565
BAYC,SDXL_VAE,XGBoost,0.2,6187,1.9141709338947204,1.3835356641209942
BAYC,SDXL_VAE,XGBoost,0.3,6187,1.9142153539203035,1.3835517171108218
BAYC,SDXL_VAE,XGBoost,0.4,6187,1.9143680445886602,1.3836068966974182
BAYC,SDXL_VAE,XGBoost,0.5,6187,1.9146290058997928,1.3837011981998832
BAYC,SDXL_VAE,XGBoost,0.6,6187,1.9149982378537,1.38383461362032
BAYC,SDXL_VAE,XGBoost,0.7,6187,1.9154757404503824,1.3840071316472262
BAYC,SDXL_VAE,XGBoost,0.8,6187,1.9160615136898405,1.3842187376602877
BAYC,SDXL_VAE,XGBoost,0.9,6187,1.9167555575720743,1.3844694137365672
BAYC,SDXL_VAE,XGBoost,1.0,6187,1.917557872097082,1.3847591386580853
BAYC,SDXL_VAE,LightGBM,0.0,6187,1.9144069057718818,1.38362094005977
BAYC,SDXL_VAE,LightGBM,0.1,6187,1.914260278163574,1.3835679521308573
BAYC,SDXL_VAE,LightGBM,0.2,6187,1.914222196986577,1.3835541901156516
BAYC,SDXL_VAE,LightGBM,0.3,6187,1.9142926622408893,1.383579655184655
BAYC,SDXL_VAE,LightGBM,0.4,6187,1.9144716739265115,1.3836443451720213
BAYC,SDXL_VAE,LightGBM,0.5,6187,1.9147592320434426,1.3837482545764754
BAYC,SDXL_VAE,LightGBM,0.6,6187,1.915155336591683,1.3838913745636552
BAYC,SDXL_VAE,LightGBM,0.7,6187,1.9156599875712335,1.3840736929698625
BAYC,SDXL_VAE,LightGBM,0.8,6187,1.9162731849820933,1.3842951943072306
BAYC,SDXL_VAE,LightGBM,0.9,6187,1.9169949288242625,1.3845558597702956
BAYC,SDXL_VAE,LightGBM,1.0,6187,1.9178252190977418,1.3848556672439702
BAYC,DreamSim,OLS,0.0,6187,1.9144069057718818,1.38362094005977
BAYC,DreamSim,OLS,0.1,6187,1.9145618531840187,1.3836769323740346
BAYC,DreamSim,OLS,0.2,6187,1.9148304209345886,1.3837739775464013
BAYC,DreamSim,OLS,0.3,6187,1.915212609023592,1.3839120669405234
BAYC,DreamSim,OLS,0.4,6187,1.9157084174510288,1.384091188271578
BAYC,DreamSim,OLS,0.5,6187,1.9163178462168986,1.3843113256117276
BAYC,DreamSim,OLS,0.6,6187,1.9170408953212017,1.3845724593971966
BAYC,DreamSim,OLS,0.7,6187,1.9178775647639377,1.3848745664369526
BAYC,DreamSim,OLS,0.8,6187,1.9188278545451065,1.3852176199229875
BAYC,DreamSim,OLS,0.9,6187,1.9198917646647098,1.3856015894421851
BAYC,DreamSim,OLS,1.0,6187,1.9210692951227457,1.3860264409897618
BAYC,DreamSim,Ridge,0.0,6187,1.9144069057718818,1.38362094005977
BAYC,DreamSim,Ridge,0.1,6187,1.9145021412801442,1.383655354949398
BAYC,DreamSim,Ridge,0.2,6187,1.9147077591657142,1.3837296553755414
BAYC,DreamSim,Ridge,0.3,6187,1.915023759428591,1.3838438349136766
BAYC,DreamSim,Ridge,0.4,6187,1.9154501420687744,1.3839978836937483
BAYC,DreamSim,Ridge,0.5,6187,1.915986907086265,1.384191788404434
BAYC,DreamSim,Ridge,0.6,6187,1.9166340544810623,1.384425532298889
BAYC,DreamSim,Ridge,0.7,6187,1.917391584253167,1.3846990952019747
BAYC,DreamSim,Ridge,0.8,6187,1.9182594964025785,1.385012453518949
BAYC,DreamSim,Ridge,0.9,6187,1.9192377909292966,1.3853655802456248
BAYC,DreamSim,Ridge,1.0,6187,1.920326467833322,1.3857584449799762
BAYC,DreamSim,ElasticNet,0.0,6187,1.9144069057718818,1.38362094005977
BAYC,DreamSim,ElasticNet,0.1,6187,1.9145085577210428,1.3836576736032085
BAYC,DreamSim,ElasticNet,0.2,6187,1.9147210492497888,1.3837344576362145
BAYC,DreamSim,ElasticNet,0.3,6187,1.9150443803581199,1.3838512854920935
BAYC,DreamSim,ElasticNet,0.4,6187,1.9154785510460353,1.3840081470302243
BAYC,DreamSim,ElasticNet,0.5,6187,1.916023561313536,1.3842050286404597
BAYC,DreamSim,ElasticNet,0.6,6187,1.9166794111606205,1.3844419132490249
BAYC,DreamSim,ElasticNet,0.7,6187,1.9174461005872903,1.3847187803259153
BAYC,DreamSim,ElasticNet,0.8,6187,1.918323629593545,1.385035605893778
BAYC,DreamSim,ElasticNet,0.9,6187,1.9193119981793847,1.3853923625382756
BAYC,DreamSim,ElasticNet,1.0,6187,1.9204112063448084,1.3857890194199145
BAYC,DreamSim,PLS,0.0,6187,1.9144069057718818,1.38362094005977
BAYC,DreamSim,PLS,0.1,6187,1.9145256753825253,1.3836638592456354
BAYC,DreamSim,PLS,0.2,6187,1.9147619240504068,1.3837492272989376
BAYC,DreamSim,PLS,0.3,6187,1.9151156517755246,1.3838770363639699
BAYC,DreamSim,PLS,0.4,6187,1.91558685855788,1.3840472746831591
BAYC,DreamSim,PLS,0.5,6187,1.9161755443974708,1.3842599266024682
BAYC,DreamSim,PLS,0.6,6187,1.9168817092943005,1.3845149725785924
BAYC,DreamSim,PLS,0.7,6187,1.9177053532483659,1.3848123891879238
BAYC,DreamSim,PLS,0.8,6187,1.91864647625967,1.385152149137296
BAYC,DreamSim,PLS,0.9,6187,1.9197050783282097,1.3855342212764756
BAYC,DreamSim,PLS,1.0,6187,1.920881159453986,1.385958570612407
BAYC,DreamSim,LinearSVR,0.0,6187,1.9144069057718818,1.38362094005977
BAYC,DreamSim,LinearSVR,0.1,6187,1.9145581456011693,1.383675592615975
BAYC,DreamSim,LinearSVR,0.2,6187,1.914817498320492,1.3837693082015123
BAYC,DreamSim,LinearSVR,0.3,6187,1.91518496392985,1.383902078880529
BAYC,DreamSim,LinearSVR,0.4,6187,1.9156605424292439,1.3840738934136587
BAYC,DreamSim,LinearSVR,0.5,6187,1.9162442338186718,1.3842847372627756
BAYC,DreamSim,LinearSVR,0.6,6187,1.9169360380981355,1.3845345925971426
BAYC,DreamSim,LinearSVR,0.7,6187,1.9177359552676334,1.3848234383009386
BAYC,DreamSim,LinearSVR,0.8,6187,1.9186439853271673,1.3851512499821697
BAYC,DreamSim,LinearSVR,0.9,6187,1.9196601282767358,1.3855179999829434
BAYC,DreamSim,LinearSVR,1.0,6187,1.9207843841163401,1.3859236573911062
BAYC,DreamSim,HistGradientBoosting,0.0,6187,1.9144069057718818,1.38362094005977
BAYC,DreamSim,HistGradientBoosting,0.1,6187,1.9142163097336722,1.3835520625309596
BAYC,DreamSim,HistGradientBoosting,0.2,6187,1.9141594048643684,1.3835314976047233
BAYC,DreamSim,HistGradientBoosting,0.3,6187,1.9142361911639707,1.3835592474353857
BAYC,DreamSim,HistGradientBoosting,0.4,6187,1.9144466686324784,1.3836353091159816
BAYC,DreamSim,HistGradientBoosting,0.5,6187,1.9147908372698923,1.3837596746797807
BAYC,DreamSim,HistGradientBoosting,0.6,6187,1.9152686970762112,1.3839323311044551
BAYC,DreamSim,HistGradientBoosting,0.7,6187,1.9158802480514356,1.3841532603188982
BAYC,DreamSim,HistGradientBoosting,0.8,6187,1.9166254901955664,1.3844224392126727
BAYC,DreamSim,HistGradientBoosting,0.9,6187,1.9175044235086025,1.3847398396480843
BAYC,DreamSim,HistGradientBoosting,1.0,6187,1.9185170479905447,1.385105428474867
BAYC,DreamSim,XGBoost,0.0,6187,1.9144069057718818,1.38362094005977
BAYC,DreamSim,XGBoost,0.1,6187,1.9142043239455884,1.383547730996509
BAYC,DreamSim,XGBoost,0.2,6187,1.9141265202415678,1.3835196132478815
BAYC,DreamSim,XGBoost,0.3,6187,1.9141734946598203,1.3835365895630733
BAYC,DreamSim,XGBoost,0.4,6187,1.914345247200346,1.383598658282215
BAYC,DreamSim,XGBoost,0.5,6187,1.9146417778631446,1.3837058133371936
BAYC,DreamSim,XGBoost,0.6,6187,1.9150630866482161,1.383858044254618
BAYC,DreamSim,XGBoost,0.7,6187,1.9156091735555612,1.3840553361609358
BAYC,DreamSim,XGBoost,0.8,6187,1.9162800385851781,1.3842976697896945
BAYC,DreamSim,XGBoost,0.9,6187,1.9170756817370693,1.384585021490941
BAYC,DreamSim,XGBoost,1.0,6187,1.9179961030112336,1.3849173632427436
BAYC,DreamSim,LightGBM,0.0,6187,1.9144069057718818,1.38362094005977
BAYC,DreamSim,LightGBM,0.1,6187,1.9142759279373867,1.3835736077048402
BAYC,DreamSim,LightGBM,0.2,6187,1.9142794857945484,1.383574893453386
BAYC,DreamSim,LightGBM,0.3,6187,1.9144175793433669,1.383624797169871
BAYC,DreamSim,LightGBM,0.4,6187,1.9146902085838418,1.383723313594102
BAYC,DreamSim,LightGBM,0.5,6187,1.915097373515974,1.3838704323440016
BAYC,DreamSim,LightGBM,0.6,6187,1.9156390741397626,1.384066137921076
BAYC,DreamSim,LightGBM,0.7,6187,1.9163153104552075,1.3843104097185746
BAYC,DreamSim,LightGBM,0.8,6187,1.9171260824623095,1.3846032220323299
BAYC,DreamSim,LightGBM,0.9,6187,1.9180713901610678,1.384944544074263
BAYC,DreamSim,LightGBM,1.0,6187,1.919151233551483,1.3853343399885398
BAYC,AIM,OLS,0.0,6187,1.9144069057718818,1.38362094005977
BAYC,AIM,OLS,0.1,6187,1.9143532746654282,1.3836015592161741
BAYC,AIM,OLS,0.2,6187,1.9144026809080419,1.3836194133171311
BAYC,AIM,OLS,0.3,6187,1.9145551244997217,1.3836745009212685
BAYC,AIM,OLS,0.4,6187,1.914810605440469,1.3837668175818023
BAYC,AIM,OLS,0.5,6187,1.915169123730282,1.383896355848328
BAYC,AIM,OLS,0.6,6187,1.9156306793691613,1.384063105269829
BAYC,AIM,OLS,0.7,6187,1.916195272357108,1.384267052398889
BAYC,AIM,OLS,0.8,6187,1.9168629026941204,1.3845081807971091
BAYC,AIM,OLS,0.9,6187,1.9176335703802003,1.3847864710417273
BAYC,AIM,OLS,1.0,6187,1.918507275415346,1.3851019007334247
BAYC,AIM,Ridge,0.0,6187,1.9144069057718818,1.38362094005977
BAYC,AIM,Ridge,0.1,6187,1.9143551001630705,1.383602218906529
BAYC,AIM,Ridge,0.2,6187,1.914399735587571,1.3836183489631708
BAYC,AIM,Ridge,0.3,6187,1.9145408120453813,1.3836693290108664
BAYC,AIM,Ridge,0.4,6187,1.9147783295365026,1.3837551551978053
BAYC,AIM,Ridge,0.5,6187,1.9151122880609355,1.3838758210406508
BAYC,AIM,Ridge,0.6,6187,1.915542687618679,1.3840313174269863
BAYC,AIM,Ridge,0.7,6187,1.9160695282097333,1.3842216326187557
BAYC,AIM,Ridge,0.8,6187,1.9166928098340978,1.3844467522566903
BAYC,AIM,Ridge,0.9,6187,1.9174125324917737,1.3847066593657205
BAYC,AIM,Ridge,1.0,6187,1.9182286961827604,1.3850013343613645
BAYC,AIM,ElasticNet,0.0,6187,1.9144069057718818,1.38362094005977
BAYC,AIM,ElasticNet,0.1,6187,1.9143182978971596,1.3835889194038666
BAYC,AIM,ElasticNet,0.2,6187,1.9143431355045715,1.3835978951648384
BAYC,AIM,ElasticNet,0.3,6187,1.9144814185941175,1.3836478665448508
BAYC,AIM,ElasticNet,0.4,6187,1.9147331471657976,1.3837388291024422
BAYC,AIM,ElasticNet,0.5,6187,1.9150983212196113,1.383870774754497
BAYC,AIM,ElasticNet,0.6,6187,1.9155769407555607,1.384043691779837
BAYC,AIM,ElasticNet,0.7,6187,1.9161690057736436,1.3842575648244237
BAYC,AIM,ElasticNet,0.8,6187,1.91687451627386,1.3845123749081696
BAYC,AIM,ElasticNet,0.9,6187,1.9176934722562116,1.3848080994333516
BAYC,AIM,ElasticNet,1.0,6187,1.918625873720697,1.3851447121946128
BAYC,AIM,PLS,0.0,6187,1.9144069057718818,1.38362094005977
BAYC,AIM,PLS,0.1,6187,1.9143245970478562,1.3835911957828642
BAYC,AIM,PLS,0.2,6187,1.9143382103935291,1.3835961153434657
BAYC,AIM,PLS,0.3,6187,1.9144477458089013,1.3836356983718299
BAYC,AIM,PLS,0.4,6187,1.9146532032939727,1.3837099418931602
BAYC,AIM,PLS,0.5,6187,1.9149545828487429,1.383818840328727
BAYC,AIM,PLS,0.6,6187,1.915351884473213,1.3839623854979632
BAYC,AIM,PLS,0.7,6187,1.9158451081673809,1.3841405666215338
BAYC,AIM,PLS,0.8,6187,1.9164342539312489,1.3843533703253836
BAYC,AIM,PLS,0.9,6187,1.9171193217648153,1.384600780645748
BAYC,AIM,PLS,1.0,6187,1.9179003116680815,1.3848827790351361
BAYC,AIM,LinearSVR,0.0,6187,1.9144069057718818,1.38362094005977
BAYC,AIM,LinearSVR,0.1,6187,1.914365693204755,1.3836060469674
BAYC,AIM,LinearSVR,0.2,6187,1.9144215380944807,1.3836262277416111
BAYC,AIM,LinearSVR,0.3,6187,1.914574440441059,1.3836814808477633
BAYC,AIM,LinearSVR,0.4,6187,1.9148244002444896,1.3837718020846101
BAYC,AIM,LinearSVR,0.5,6187,1.9151714175047732,1.3838971845858974
BAYC,AIM,LinearSVR,0.6,6187,1.9156154922219082,1.3840576188229694
BAYC,AIM,LinearSVR,0.7,6187,1.9161566243958967,1.3842530926083918
BAYC,AIM,LinearSVR,0.8,6187,1.9167948140267375,1.3844835911005726
BAYC,AIM,LinearSVR,0.9,6187,1.9175300611144308,1.3847490968093934
BAYC,AIM,LinearSVR,1.0,6187,1.918362365658977,1.3850495896028334
BAYC,AIM,HistGradientBoosting,0.0,6187,1.9144069057718818,1.38362094005977
BAYC,AIM,HistGradientBoosting,0.1,6187,1.9143834312391177,1.3836124570265758
BAYC,AIM,HistGradientBoosting,0.2,6187,1.9145217556764798,1.3836624428221211
BAYC,AIM,HistGradientBoosting,0.3,6187,1.9148218790839673,1.3837708911102182
BAYC,AIM,HistGradientBoosting,0.4,6187,1.91528380146158,1.3839377881471335
BAYC,AIM,HistGradientBoosting,0.5,6187,1.9159075228093192,1.3841631127902951
BAYC,AIM,HistGradientBoosting,0.6,6187,1.916693043127183,1.3844468365116744
BAYC,AIM,HistGradientBoosting,0.7,6187,1.9176403624151728,1.3847889234158297
BAYC,AIM,HistGradientBoosting,0.8,6187,1.9187494806732885,1.3851893302625777
BAYC,AIM,HistGradientBoosting,0.9,6187,1.9200203979015293,1.3856480064942645
BAYC,AIM,HistGradientBoosting,1.0,6187,1.921453114099896,1.3861648942675961
BAYC,AIM,XGBoost,0.0,6187,1.9144069057718818,1.38362094005977
BAYC,AIM,XGBoost,0.1,6187,1.9144222988369655,1.3836265026505403
BAYC,AIM,XGBoost,0.2,6187,1.9145939883265088,1.3836885445527505
BAYC,AIM,XGBoost,0.3,6187,1.9149219742405106,1.3838070581697834
BAYC,AIM,XGBoost,0.4,6187,1.9154062565789738,1.3839820289942257
BAYC,AIM,XGBoost,0.5,6187,1.9160468353418953,1.3842134356167388
BAYC,AIM,XGBoost,0.6,6187,1.9168437105292766,1.3845012497391531
BAYC,AIM,XGBoost,0.7,6187,1.9177968821411173,1.3848454361917497
BAYC,AIM,XGBoost,0.8,6187,1.918906350177418,1.3852459529547154
BAYC,AIM,XGBoost,0.9,6187,1.9201721146381774,1.385702751183737
BAYC,AIM,XGBoost,1.0,6187,1.9215941755233974,1.3862157752396982
BAYC,AIM,LightGBM,0.0,6187,1.9144069057718818,1.38362094005977
BAYC,AIM,LightGBM,0.1,6187,1.9144186375620678,1.383625179577933
BAYC,AIM,LightGBM,0.2,6187,1.9145914931972896,1.38368764293004
BAYC,AIM,LightGBM,0.3,6187,1.9149254726775464,1.38380832223164
BAYC,AIM,LightGBM,0.4,6187,1.9154205760028398,1.3839872022539947
BAYC,AIM,LightGBM,0.5,6187,1.9160768031731688,1.38422426043368
BAYC,AIM,LightGBM,0.6,6187,1.9168941541885336,1.3845194668868088
BAYC,AIM,LightGBM,0.7,6187,1.9178726290489336,1.3848727844278454
BAYC,AIM,LightGBM,0.8,6187,1.91901222775437,1.3852841685929895
BAYC,AIM,LightGBM,0.9,6187,1.9203129503048417,1.3857535676680908
BAYC,AIM,LightGBM,1.0,6187,1.921774796700349,1.3862809227210584
MAYC,DINOv2,OLS,0.0,16221,0.16157973046435822,0.40196981287698486
MAYC,DINOv2,OLS,0.1,16221,0.16162613808329682,0.4020275339865378
MAYC,DINOv2,OLS,0.2,16221,0.1617128117312939,0.4021353152003613
MAYC,DINOv2,OLS,0.3,16221,0.16183975140834966,0.4022931162825803
MAYC,DINOv2,OLS,0.4,16221,0.16200695711446395,0.4025008784021023
MAYC,DINOv2,OLS,0.5,16221,0.16221442884963685,0.40275852424205355
MAYC,DINOv2,OLS,0.6,16221,0.16246216661386828,0.4030659581431658
MAYC,DINOv2,OLS,0.7,16221,0.16275017040715842,0.4034230662804972
MAYC,DINOv2,OLS,0.8,16221,0.1630784402295071,0.4038297168727273
MAYC,DINOv2,OLS,0.9,16221,0.16344697608091435,0.4042857604231373
MAYC,DINOv2,OLS,1.0,16221,0.16385577796138018,0.4047910299912539
MAYC,DINOv2,Ridge,0.0,16221,0.16157973046435822,0.40196981287698486
MAYC,DINOv2,Ridge,0.1,16221,0.16162603481852175,0.4020274055565388
MAYC,DINOv2,Ridge,0.2,16221,0.1617126006967777,0.4021350528078567
MAYC,DINOv2,Ridge,0.3,16221,0.16183942809912621,0.40229271444947423
MAYC,DINOv2,Ridge,0.4,16221,0.1620065170255673,0.4025003317086426
MAYC,DINOv2,Ridge,0.5,16221,0.16221386747610086,0.402757827330644
MAYC,DINOv2,Ridge,0.6,16221,0.16246147945072703,0.4030651057220496
MAYC,DINOv2,Ridge,0.7,16221,0.16274935294944576,0.4034220531272996
MAYC,DINOv2,Ridge,0.8,16221,0.16307748797225693,0.40382853783785133
MAYC,DINOv2,Ridge,0.9,16221,0.16344588451916076,0.4042844104330029
MAYC,DINOv2,Ridge,1.0,16221,0.16385454259015705,0.40478950405137365
MAYC,DINOv2,ElasticNet,0.0,16221,0.16157973046435822,0.40196981287698486
MAYC,DINOv2,ElasticNet,0.1,16221,0.16163296859652163,0.40203602897815216
MAYC,DINOv2,ElasticNet,0.2,16221,0.16172584174266919,0.40215151590248815
MAYC,DINOv2,ElasticNet,0.3,16221,0.16185834990280096,0.40231623121967247
MAYC,DINOv2,ElasticNet,0.4,16221,0.16203049307691697,0.4025301144969367
MAYC,DINOv2,ElasticNet,0.5,16221,0.16224227126501722,0.40279308740967396
MAYC,DINOv2,ElasticNet,0.6,16221,0.16249368446710166,0.4031050538843462
MAYC,DINOv2,ElasticNet,0.7,16221,0.16278473268317029,0.40346590027308415
MAYC,DINOv2,ElasticNet,0.8,16221,0.1631154159132233,0.40387549555924196
MAYC,DINOv2,ElasticNet,0.9,16221,0.16348573415726037,0.4043336915930459
MAYC,DINOv2,ElasticNet,1.0,16221,0.16389568741528168,0.40484032335635944
MAYC,DINOv2,PLS,0.0,16221,0.16157973046435822,0.40196981287698486
MAYC,DINOv2,PLS,0.1,16221,0.16162886857709677,0.40203092987616856
MAYC,DINOv2,PLS,0.2,16221,0.16171839185259454,0.4021422532544852
MAYC,DINOv2,PLS,0.3,16221,0.1618483002908517,0.40230374133340063
MAYC,DINOv2,PLS,0.4,16221,0.16201859389186826,0.40251533373508674
MAYC,DINOv2,PLS,0.5,16221,0.1622292726556441,0.40277695149504783
MAYC,DINOv2,PLS,0.6,16221,0.1624803365821793,0.40308849720896195
MAYC,DINOv2,PLS,0.7,16221,0.1627717856714739,0.40344985521310317
MAYC,DINOv2,PLS,0.8,16221,0.16310361992352782,0.4038608917975691
MAYC,DINOv2,PLS,0.9,16221,0.1634758393383411,0.4043214554514033
MAYC,DINOv2,PLS,1.0,16221,0.1638884439159137,0.4048313771385732
MAYC,DINOv2,LinearSVR,0.0,16221,0.16157973046435822,0.40196981287698486
MAYC,DINOv2,LinearSVR,0.1,16221,0.16163304908739642,0.4020361290821963
MAYC,DINOv2,LinearSVR,0.2,16221,0.16172661100769642,0.4021524723381623
MAYC,DINOv2,LinearSVR,0.3,16221,0.16186041622525843,0.40231879924415465
MAYC,DINOv2,LinearSVR,0.4,16221,0.1620344647400824,0.40253504784065997
MAYC,DINOv2,LinearSVR,0.5,16221,0.16224875655216828,0.4028011377245207
MAYC,DINOv2,LinearSVR,0.6,16221,0.16250329166151617,0.4031169701978771
MAYC,DINOv2,LinearSVR,0.7,16221,0.16279807006812597,0.4034824284502684
MAYC,DINOv2,LinearSVR,0.8,16221,0.1631330917719977,0.4038973777731142
MAYC,DINOv2,LinearSVR,0.9,16221,0.16350835677313139,0.40436166580566385
MAYC,DINOv2,LinearSVR,1.0,16221,0.163923865071527,0.4048751228113763
MAYC,DINOv2,HistGradientBoosting,0.0,16221,0.16157973046435822,0.40196981287698486
MAYC,DINOv2,HistGradientBoosting,0.1,16221,0.16161326014004418,0.4020115174221308
MAYC,DINOv2,HistGradientBoosting,0.2,16221,0.16167480114164945,0.40208805147834153
MAYC,DINOv2,HistGradientBoosting,0.3,16221,0.1617643534691741,0.40219939516261594
MAYC,DINOv2,HistGradientBoosting,0.4,16221,0.16188191712261815,0.4023455195756729
MAYC,DINOv2,HistGradientBoosting,0.5,16221,0.16202749210198147,0.402526386839399
MAYC,DINOv2,HistGradientBoosting,0.6,16221,0.16220107840726428,0.4027419501458276
MAYC,DINOv2,HistGradientBoosting,0.7,16221,0.16240267603846634,0.4029921538174985
MAYC,DINOv2,HistGradientBoosting,0.8,16221,0.16263228499558785,0.40327693337902165
MAYC,DINOv2,HistGradientBoosting,0.9,16221,0.1628899052786287,0.4035962156396275
MAYC,DINOv2,HistGradientBoosting,1.0,16221,0.16317553688758896,0.40394991878646164
MAYC,DINOv2,XGBoost,0.0,16221,0.16157973046435822,0.40196981287698486
MAYC,DINOv2,XGBoost,0.1,16221,0.16159886187205225,0.4019936092427991
MAYC,DINOv2,XGBoost,0.2,16221,0.1616470874691583,0.4020535878078422
MAYC,DINOv2,XGBoost,0.3,16221,0.1617244072556765,0.40214973238294777
MAYC,DINOv2,XGBoost,0.4,16221,0.16183082123160672,0.4022820170373102
MAYC,DINOv2,XGBoost,0.5,16221,0.16196632939694908,0.402450406133413
MAYC,DINOv2,XGBoost,0.6,16221,0.1621309317517035,0.4026548543749392
MAYC,DINOv2,XGBoost,0.7,16221,0.1623246282958701,0.4028953068675163
MAYC,DINOv2,XGBoost,0.8,16221,0.16254741902944872,0.4031716991921044
MAYC,DINOv2,XGBoost,0.9,16221,0.16279930395243947,0.4034839574908022
MAYC,DINOv2,XGBoost,1.0,16221,0.1630802830648423,0.40383199856480206
MAYC,DINOv2,LightGBM,0.0,16221,0.16157973046435822,0.40196981287698486
MAYC,DINOv2,LightGBM,0.1,16221,0.1616009067507429,0.40199615265664285
MAYC,DINOv2,LightGBM,0.2,16221,0.1616498134107913,0.4020569778163181
MAYC,DINOv2,LightGBM,0.3,16221,0.1617264504445035,0.4021522727083654
MAYC,DINOv2,LightGBM,0.4,16221,0.16183081785187955,0.40228201283661635
MAYC,DINOv2,LightGBM,0.5,16221,0.16196291563291929,0.4024461648878261
MAYC,DINOv2,LightGBM,0.6,16221,0.16212274378762284,0.40264468677436044
MAYC,DINOv2,LightGBM,0.7,16221,0.16231030231599017,0.40287752768799373
MAYC,DINOv2,LightGBM,0.8,16221,0.16252559121802124,0.40314462816465907
MAYC,DINOv2,LightGBM,0.9,16221,0.16276861049371613,0.40344592015995917
MAYC,DINOv2,LightGBM,1.0,16221,0.16303936014307482,0.40378132713521414
MAYC,CLIP,OLS,0.0,16221,0.16157973046435822,0.40196981287698486
MAYC,CLIP,OLS,0.1,16221,0.1615701862427277,0.40195794088775966
MAYC,CLIP,OLS,0.2,16221,0.1616007762720486,0.4019959903681237
MAYC,CLIP,OLS,0.3,16221,0.16167150055232107,0.4020839471457684
MAYC,CLIP,OLS,0.4,16221,0.1617823590835451,0.40222177847991414
MAYC,CLIP,OLS,0.5,16221,0.16193335186572053,0.4024094331221878
MAYC,CLIP,OLS,0.6,16221,0.1621244788988476,0.4026468414117359
MAYC,CLIP,OLS,0.7,16221,0.16235574018292617,0.40293391540415924
MAYC,CLIP,OLS,0.8,16221,0.16262713571795623,0.40327054903371784
MAYC,CLIP,OLS,0.9,16221,0.16293866550393776,0.40365661830810823
MAYC,CLIP,OLS,1.0,16221,0.1632903295408709,0.40409198153498527
MAYC,CLIP,Ridge,0.0,16221,0.16157973046435822,0.40196981287698486
MAYC,CLIP,Ridge,0.1,16221,0.1615704430425926,0.4019582603238707
MAYC,CLIP,Ridge,0.2,16221,0.16160128595931456,0.40199662431333244
MAYC,CLIP,Ridge,0.3,16221,0.16167225921452408,0.4020848905573599
MAYC,CLIP,Ridge,0.4,16221,0.16178336280822134,0.4022230262034004
MAYC,CLIP,Ridge,0.5,16221,0.16193459674040608,0.40241097989543734
MAYC,CLIP,Ridge,0.6,16221,0.16212596101107854,0.40264868186929226
MAYC,CLIP,Ridge,0.7,16221,0.16235745562023865,0.40293604408173594
MAYC,CLIP,Ridge,0.8,16221,0.16262908056788633,0.40327296037285504
MAYC,CLIP,Ridge,0.9,16221,0.16294083585402167,0.4036593066609782
MAYC,CLIP,Ridge,1.0,16221,0.16329272147864463,0.4040949411693304
MAYC,CLIP,ElasticNet,0.0,16221,0.16157973046435822,0.40196981287698486
MAYC,CLIP,ElasticNet,0.1,16221,0.161578293617239,0.4019680256155196
MAYC,CLIP,ElasticNet,0.2,16221,0.16161772882389494,0.40201707528896696
MAYC,CLIP,ElasticNet,0.3,16221,0.16169803608432612,0.4021169432942687
MAYC,CLIP,ElasticNet,0.4,16221,0.16181921539853258,0.4022675917825504
MAYC,CLIP,ElasticNet,0.5,16221,0.16198126676651428,0.4024689637307631
MAYC,CLIP,ElasticNet,0.6,16221,0.1621841901882712,0.40272098304939513
MAYC,CLIP,ElasticNet,0.7,16221,0.16242798566380345,0.4030235547257796
MAYC,CLIP,ElasticNet,0.8,16221,0.1627126531931109,0.40337656500236957
MAYC,CLIP,ElasticNet,0.9,16221,0.16303819277619355,0.4037798815892064
MAYC,CLIP,ElasticNet,1.0,16221,0.16340460441305152,0.40423335390965887
MAYC,CLIP,PLS,0.0,16221,0.16157973046435822,0.40196981287698486
MAYC,CLIP,PLS,0.1,16221,0.16157518331294143,0.4019641567514962
MAYC,CLIP,PLS,0.2,16221,0.16161163602254,0.4020094974282822
MAYC,CLIP,PLS,0.3,16221,0.16168908859315387,0.4021058176564396
MAYC,CLIP,PLS,0.4,16221,0.16180754102478312,0.40225308081453287
MAYC,CLIP,PLS,0.5,16221,0.16196699331742773,0.4024512309801372
MAYC,CLIP,PLS,0.6,16221,0.16216744547108758,0.4027001930358211
MAYC,CLIP,PLS,0.7,16221,0.16240889748576287,0.4029998728111001
MAYC,CLIP,PLS,0.8,16221,0.16269134936145352,0.4033501572597357
MAYC,CLIP,PLS,0.9,16221,0.1630148010981594,0.4037509146716072
MAYC,CLIP,PLS,1.0,16221,0.16337925269588077,0.4042019949182349
MAYC,CLIP,LinearSVR,0.0,16221,0.16157973046435822,0.40196981287698486
MAYC,CLIP,LinearSVR,0.1,16221,0.1615805893249096,0.4019708811903041
MAYC,CLIP,LinearSVR,0.2,16221,0.16162155038117842,0.4020218282396846
MAYC,CLIP,LinearSVR,0.3,16221,0.16170261363316477,0.4021226350669218
MAYC,CLIP,LinearSVR,0.4,16221,0.1618237790808686,0.40227326418849735
MAYC,CLIP,LinearSVR,0.5,16221,0.16198504672429004,0.40247365966518855
MAYC,CLIP,LinearSVR,0.6,16221,0.16218641656342894,0.4027237472057352
MAYC,CLIP,LinearSVR,0.7,16221,0.16242788859828539,0.4030234343041176
MAYC,CLIP,LinearSVR,0.8,16221,0.1627094628288593,0.40337261040985334
MAYC,CLIP,LinearSVR,0.9,16221,0.16303113925515084,0.40377114713058787
MAYC,CLIP,LinearSVR,1.0,16221,0.16339291787715982,0.40421889846611553
MAYC,CLIP,HistGradientBoosting,0.0,16221,0.16157973046435822,0.40196981287698486
MAYC,CLIP,HistGradientBoosting,0.1,16221,0.16156485252311775,0.40195130615923835
MAYC,CLIP,HistGradientBoosting,0.2,16221,0.16157920017831454,0.4019691532671562
MAYC,CLIP,HistGradientBoosting,0.3,16221,0.16162277342994866,0.40202334935914935
MAYC,CLIP,HistGradientBoosting,0.4,16221,0.16169557227802006,0.4021138797380912
MAYC,CLIP,HistGradientBoosting,0.5,16221,0.1617975967225288,0.40224071987123433
MAYC,CLIP,HistGradientBoosting,0.6,16221,0.1619288467634748,0.4024038354234149
MAYC,CLIP,HistGradientBoosting,0.7,16221,0.16208932240085822,0.40260318230344155
MAYC,CLIP,HistGradientBoosting,0.8,16221,0.16227902363467883,0.40283870672352085
MAYC,CLIP,HistGradientBoosting,0.9,16221,0.1624979504649368,0.40311034527153583
MAYC,CLIP,HistGradientBoosting,1.0,16221,0.16274610289163208,0.4034180249959489
MAYC,CLIP,XGBoost,0.0,16221,0.16157973046435822,0.40196981287698486
MAYC,CLIP,XGBoost,0.1,16221,0.16159905660670668,0.4019938514538583
MAYC,CLIP,XGBoost,0.2,16221,0.16164590951111904,0.40205212287851316
MAYC,CLIP,XGBoost,0.3,16221,0.16172028917759546,0.40214461226975984
MAYC,CLIP,XGBoost,0.4,16221,0.16182219560613584,0.4022712960256248
MAYC,CLIP,XGBoost,0.5,16221,0.16195162879674016,0.4024321418534312
MAYC,CLIP,XGBoost,0.6,16221,0.16210858874940853,0.40262710881088043
MAYC,CLIP,XGBoost,0.7,16221,0.16229307546414087,0.40285614735801273
MAYC,CLIP,XGBoost,0.8,16221,0.16250508894093732,0.4031191994198953
MAYC,CLIP,XGBoost,0.9,16221,0.1627446291797977,0.40341619845985077
MAYC,CLIP,XGBoost,1.0,16221,0.16301169618072206,0.403747069563015
MAYC,CLIP,LightGBM,0.0,16221,0.16157973046435822,0.40196981287698486
MAYC,CLIP,LightGBM,0.1,16221,0.16158551469590698,0.40197700767072114
MAYC,CLIP,LightGBM,0.2,16221,0.16161953133719817,0.40201931711946154
MAYC,CLIP,LightGBM,0.3,16221,0.16168178038823192,0.40209673013869673
MAYC,CLIP,LightGBM,0.4,16221,0.1617722618490081,0.4022092264593244
MAYC,CLIP,LightGBM,0.5,16221,0.1618909757195267,0.40235677665416136
MAYC,CLIP,LightGBM,0.6,16221,0.1620379219997878,0.4025393421763739
MAYC,CLIP,LightGBM,0.7,16221,0.16221310068979142,0.40275687540970845
MAYC,CLIP,LightGBM,0.8,16221,0.1624165117895375,0.40300931973037235
MAYC,CLIP,LightGBM,0.9,16221,0.16264815529902613,0.4032966095803759
MAYC,CLIP,LightGBM,1.0,16221,0.1629080312182572,0.4036186705521156
MAYC,SigLIP2,OLS,0.0,16221,0.16157973046435822,0.40196981287698486
MAYC,SigLIP2,OLS,0.1,16221,0.16154648527083182,0.4019284579011939
MAYC,SigLIP2,OLS,0.2,16221,0.16155213821792083,0.40193549011989577
MAYC,SigLIP2,OLS,0.3,16221,0.16159668930562507,0.4019909069937093
MAYC,SigLIP2,OLS,0.4,16221,0.16168013853394467,0.4020946885174494
MAYC,SigLIP2,OLS,0.5,16221,0.16180248590287968,0.40224679725621143
MAYC,SigLIP2,OLS,0.6,16221,0.16196373141243,0.40244717841280736
MAYC,SigLIP2,OLS,0.7,16221,0.1621638750625957,0.4026957599262695
MAYC,SigLIP2,OLS,0.8,16221,0.16240291685337666,0.4029924526010092
MAYC,SigLIP2,OLS,0.9,16221,0.16268085678477306,0.40333715026609324
MAYC,SigLIP2,OLS,1.0,16221,0.16299769485678478,0.40372972996397577
MAYC,SigLIP2,Ridge,0.0,16221,0.16157973046435822,0.40196981287698486
MAYC,SigLIP2,Ridge,0.1,16221,0.1615465618314543,0.4019285531427872
MAYC,SigLIP2,Ridge,0.2,16221,0.16155227853587523,0.40193566467268765
MAYC,SigLIP2,Ridge,0.3,16221,0.1615968805776209,0.40199114489951254
MAYC,SigLIP2,Ridge,0.4,16221,0.16168036795669152,0.40209497380182646
MAYC,SigLIP2,Ridge,0.5,16221,0.1618027406730868,0.40224711394003415
MAYC,SigLIP2,Ridge,0.6,16221,0.16196399872680706,0.4024475105238037
MAYC,SigLIP2,Ridge,0.7,16221,0.16216414211785207,0.4026960915105237
MAYC,SigLIP2,Ridge,0.8,16221,0.1624031708462219,0.4029927677343874
MAYC,SigLIP2,Ridge,0.9,16221,0.16268108491191663,0.4033374330655619
MAYC,SigLIP2,Ridge,1.0,16221,0.16299788431493614,0.40372996459878496
MAYC,SigLIP2,ElasticNet,0.0,16221,0.16157973046435822,0.40196981287698486
MAYC,SigLIP2,ElasticNet,0.1,16221,0.1615912198302274,0.401984103952168
MAYC,SigLIP2,ElasticNet,0.2,16221,0.16164262466288007,0.4020480377552912
MAYC,SigLIP2,ElasticNet,0.3,16221,0.1617339449623163,0.4021615906104365
MAYC,SigLIP2,ElasticNet,0.4,16221,0.1618651807285361,0.40232472050389356
MAYC,SigLIP2,ElasticNet,0.5,16221,0.16203633196153935,0.40253736716178207
MAYC,SigLIP2,ElasticNet,0.6,16221,0.16224739866132623,0.40279945216115454
MAYC,SigLIP2,ElasticNet,0.7,16221,0.16249838082789667,0.4031108790741037
MAYC,SigLIP2,ElasticNet,0.8,16221,0.16278927846125057,0.4034715336442592
MAYC,SigLIP2,ElasticNet,0.9,16221,0.1631200915613881,0.40388128399492357
MAYC,SigLIP2,ElasticNet,1.0,16221,0.16349082012830912,0.40433998086796846
MAYC,SigLIP2,PLS,0.0,16221,0.16157973046435822,0.40196981287698486
MAYC,SigLIP2,PLS,0.1,16221,0.16155912390787971,0.4019441800895738
MAYC,SigLIP2,PLS,0.2,16221,0.16157803977818383,0.40196770987006386
MAYC,SigLIP2,PLS,0.3,16221,0.16163647807527065,0.402040393586603
MAYC,SigLIP2,PLS,0.4,16221,0.16173443879914026,0.40216220458807445
MAYC,SigLIP2,PLS,0.5,16221,0.16187192194979252,0.40233309825291846
MAYC,SigLIP2,PLS,0.6,16221,0.16204892752722744,0.4025530120707426
MAYC,SigLIP2,PLS,0.7,16221,0.16226545553144517,0.40282186575637274
MAYC,SigLIP2,PLS,0.8,16221,0.16252150596244558,0.403139561395859
MAYC,SigLIP2,PLS,0.9,16221,0.1628170788202287,0.40350598362382273
MAYC,SigLIP2,PLS,1.0,16221,0.16315217410479455,0.4039209998313959
MAYC,SigLIP2,LinearSVR,0.0,16221,0.16157973046435822,0.40196981287698486
MAYC,SigLIP2,LinearSVR,0.1,16221,0.16156068048008965,0.4019461163888633
MAYC,SigLIP2,LinearSVR,0.2,16221,0.161579917461357,0.4019700454777159
MAYC,SigLIP2,LinearSVR,0.3,16221,0.16163744140816044,0.40204159163967157
MAYC,SigLIP2,LinearSVR,0.4,16221,0.16173325232049984,0.40216072946087095
MAYC,SigLIP2,LinearSVR,0.5,16221,0.1618673501983752,0.4023274166625675
MAYC,SigLIP2,LinearSVR,0.6,16221,0.16203973504178665,0.40254159417603874
MAYC,SigLIP2,LinearSVR,0.7,16221,0.1622504068507341,0.40280318624699846
MAYC,SigLIP2,LinearSVR,0.8,16221,0.1624993656252175,0.40311210056908175
MAYC,SigLIP2,LinearSVR,0.9,16221,0.16278661136523698,0.40346822844585545
MAYC,SigLIP2,LinearSVR,1.0,16221,0.16311214407079247,0.40387144498069244
MAYC,SigLIP2,HistGradientBoosting,0.0,16221,0.16157973046435822,0.40196981287698486
MAYC,SigLIP2,HistGradientBoosting,0.1,16221,0.1615737176110239,0.40196233357246786
MAYC,SigLIP2,HistGradientBoosting,0.2,16221,0.1616002948787367,0.4019953916138053
MAYC,SigLIP2,HistGradientBoosting,0.3,16221,0.16165946226749667,0.40206897700207694
MAYC,SigLIP2,HistGradientBoosting,0.4,16221,0.1617512197773038,0.40218306749203625
MAYC,SigLIP2,HistGradientBoosting,0.5,16221,0.1618755674081582,0.4023376286257081
MAYC,SigLIP2,HistGradientBoosting,0.6,16221,0.16203250516005963,0.4025326137843487
MAYC,SigLIP2,HistGradientBoosting,0.7,16221,0.1622220330330084,0.40276796425858946
MAYC,SigLIP2,HistGradientBoosting,0.8,16221,0.1624441510270042,0.4030436093365136
MAYC,SigLIP2,HistGradientBoosting,0.9,16221,0.1626988591420473,0.40335946640936454
MAYC,SigLIP2,HistGradientBoosting,1.0,16221,0.16298615737813754,0.4037154410945134
MAYC,SigLIP2,XGBoost,0.0,16221,0.16157973046435822,0.40196981287698486
MAYC,SigLIP2,XGBoost,0.1,16221,0.16157323837053778,0.40196173744591385
MAYC,SigLIP2,XGBoost,0.2,16221,0.16159781645114757,0.4019923089452677
MAYC,SigLIP2,XGBoost,0.3,16221,0.16165346470618774,0.4020615185592719
MAYC,SigLIP2,XGBoost,0.4,16221,0.16174018313565827,0.40216934634014345
MAYC,SigLIP2,XGBoost,0.5,16221,0.16185797173955913,0.4023157612368165
MAYC,SigLIP2,XGBoost,0.6,16221,0.1620068305178903,0.4025007211395904
MAYC,SigLIP2,XGBoost,0.7,16221,0.16218675947065186,0.4027241729405523
MAYC,SigLIP2,XGBoost,0.8,16221,0.16239775859784372,0.40298605260957077
MAYC,SigLIP2,XGBoost,0.9,16221,0.16263982789946593,0.4032862852856094
MAYC,SigLIP2,XGBoost,1.0,16221,0.16291296737551844,0.4036247853830565
MAYC,SigLIP2,LightGBM,0.0,16221,0.16157973046435822,0.40196981287698486
MAYC,SigLIP2,LightGBM,0.1,16221,0.1615782298810253,0.4019679463353083
MAYC,SigLIP2,LightGBM,0.2,16221,0.16160814292268255,0.40200515285588384
MAYC,SigLIP2,LightGBM,0.3,16221,0.16166946958932998,0.40208142159185867
MAYC,SigLIP2,LightGBM,0.4,16221,0.16176220988096762,0.4021967303210801
MAYC,SigLIP2,LightGBM,0.5,16221,0.16188636379759552,0.40235104547844225
MAYC,SigLIP2,LightGBM,0.6,16221,0.16204193133921366,0.4025443222046656
MAYC,SigLIP2,LightGBM,0.7,16221,0.16222891250582205,0.40277650441134477
MAYC,SigLIP2,LightGBM,0.8,16221,0.1624473072974206,0.40304752486204476
MAYC,SigLIP2,LightGBM,0.9,16221,0.1626971157140094,0.40335730526917374
MAYC,SigLIP2,LightGBM,1.0,16221,0.16297833775558845,0.40370575640630696
MAYC,SAM,OLS,0.0,16221,0.16157973046435822,0.40196981287698486
MAYC,SAM,OLS,0.1,16221,0.1615760652591651,0.40196525379585374
MAYC,SAM,OLS,0.2,16221,0.1616129046968858,0.4020110753410729
MAYC,SAM,OLS,0.3,16221,0.1616902487775203,0.4021072602894908
MAYC,SAM,OLS,0.4,16221,0.1618080975010687,0.4022537725131595
MAYC,SAM,OLS,0.5,16221,0.16196645086753098,0.4024505570471123
MAYC,SAM,OLS,0.6,16221,0.16216530887690705,0.40269754019227266
MAYC,SAM,OLS,0.7,16221,0.16240467152919705,0.40299462965304766
MAYC,SAM,OLS,0.8,16221,0.16268453882440082,0.40334171470900554
MAYC,SAM,OLS,0.9,16221,0.16300491076251855,0.4037386664198991
MAYC,SAM,OLS,1.0,16221,0.1633657873435501,0.4041853378631517
MAYC,SAM,Ridge,0.0,16221,0.16157973046435822,0.40196981287698486
MAYC,SAM,Ridge,0.1,16221,0.1615761956402981,0.40196541597542707
MAYC,SAM,Ridge,0.2,16221,0.1616131689606368,0.40201140401814073
MAYC,SAM,Ridge,0.3,16221,0.16169065042537453,0.4021077597179325
MAYC,SAM,Ridge,0.4,16221,0.16180864003451123,0.40225444687972217
MAYC,SAM,Ridge,0.5,16221,0.1619671377880469,0.40245141046845256
MAYC,SAM,Ridge,0.6,16221,0.16216614368598148,0.4026985767121377
MAYC,SAM,Ridge,0.7,16221,0.16240565772831503,0.40299585323960224
MAYC,SAM,Ridge,0.8,16221,0.1626856799150476,0.4033431292523124
MAYC,SAM,Ridge,0.9,16221,0.16300621024617906,0.40374027572955745
MAYC,SAM,Ridge,1.0,16221,0.16336724872170952,0.4041871456661005
MAYC,SAM,ElasticNet,0.0,16221,0.16157973046435822,0.40196981287698486
MAYC,SAM,ElasticNet,0.1,16221,0.16171027748092673,0.40213216419596026
MAYC,SAM,ElasticNet,0.2,16221,0.16190495932078006,0.4023741533955431
MAYC,SAM,ElasticNet,0.3,16221,0.16216377598391818,0.4026956369069799
MAYC,SAM,ElasticNet,0.4,16221,0.16248672747034124,0.4030964245318249
MAYC,SAM,ElasticNet,0.5,16221,0.16287381378004906,0.4035762800017477
MAYC,SAM,ElasticNet,0.6,16221,0.16332503491304182,0.4041349216697832
MAYC,SAM,ElasticNet,0.7,16221,0.1638403908693194,0.40477202332834145
MAYC,SAM,ElasticNet,0.8,16221,0.16441988164888185,0.40548721514849495
MAYC,SAM,ElasticNet,0.9,16221,0.1650635072517291,0.40628008473432353
MAYC,SAM,ElasticNet,1.0,16221,0.16577126767786124,0.40715017828543465
MAYC,SAM,PLS,0.0,16221,0.16157973046435822,0.40196981287698486
MAYC,SAM,PLS,0.1,16221,0.1615810772129816,0.40197148805976474
MAYC,SAM,PLS,0.2,16221,0.16162516418832987,0.4020263227555254
MAYC,SAM,PLS,0.3,16221,0.1617119913904031,0.4021342952179074
MAYC,SAM,PLS,0.4,16221,0.16184155881920126,0.402295362661815
MAYC,SAM,PLS,0.5,16221,0.16201386647472446,0.4025094613480837
MAYC,SAM,PLS,0.6,16221,0.16222891435697256,0.402776506709332
MAYC,SAM,PLS,0.7,16221,0.16248670246594557,0.4030963935164213
MAYC,SAM,PLS,0.8,16221,0.16278723080164362,0.40346899608475945
MAYC,SAM,PLS,0.9,16221,0.16313049936406657,0.40389416851951027
MAYC,SAM,PLS,1.0,16221,0.1635165081532145,0.4043717449986021
MAYC,SAM,LinearSVR,0.0,16221,0.16157973046435822,0.40196981287698486
MAYC,SAM,LinearSVR,0.1,16221,0.16158877711175654,0.4019810656134895
MAYC,SAM,LinearSVR,0.2,16221,0.1616389241314257,0.4020434356278258
MAYC,SAM,LinearSVR,0.3,16221,0.16173017152336577,0.40215689913684904
MAYC,SAM,LinearSVR,0.4,16221,0.16186251928757675,0.40232141291208545
MAYC,SAM,LinearSVR,0.5,16221,0.16203596742405876,0.4025369143619735
MAYC,SAM,LinearSVR,0.6,16221,0.1622505159328117,0.40280332165066823
MAYC,SAM,LinearSVR,0.7,16221,0.1625061648138355,0.40312053385288565
MAYC,SAM,LinearSVR,0.8,16221,0.16280291406713027,0.4034884311441039
MAYC,SAM,LinearSVR,0.9,16221,0.163140763692696,0.40390687502529093
MAYC,SAM,LinearSVR,1.0,16221,0.16351971369053264,0.40437570858118155
MAYC,SAM,HistGradientBoosting,0.0,16221,0.16157973046435822,0.40196981287698486
MAYC,SAM,HistGradientBoosting,0.1,16221,0.16163046887294322,0.4020329201358307
MAYC,SAM,HistGradientBoosting,0.2,16221,0.161715215456696,0.4021383038914548
MAYC,SAM,HistGradientBoosting,0.3,16221,0.16183397021561666,0.402285930919311
MAYC,SAM,HistGradientBoosting,0.4,16221,0.16198673314970527,0.4024757547352452
MAYC,SAM,HistGradientBoosting,0.5,16221,0.16217350425896176,0.40270771566852526
MAYC,SAM,HistGradientBoosting,0.6,16221,0.1623942835433862,0.4029817409553269
MAYC,SAM,HistGradientBoosting,0.7,16221,0.16264907100297835,0.40329774485233405
MAYC,SAM,HistGradientBoosting,0.8,16221,0.1629378666377386,0.4036556287700428
MAYC,SAM,HistGradientBoosting,0.9,16221,0.1632606704476666,0.4040552814252854
MAYC,SAM,HistGradientBoosting,1.0,16221,0.16361748243276258,0.4044965790124344
MAYC,SAM,XGBoost,0.0,16221,0.16157973046435822,0.40196981287698486
MAYC,SAM,XGBoost,0.1,16221,0.16161523365872354,0.4020139719695368
MAYC,SAM,XGBoost,0.2,16221,0.16168464551806613,0.4021002928599607
MAYC,SAM,XGBoost,0.3,16221,0.16178796604238618,0.4022287484036741
MAYC,SAM,XGBoost,0.4,16221,0.16192519523168364,0.40239929824949205
MAYC,SAM,XGBoost,0.5,16221,0.16209633308595847,0.40261188890289673
MAYC,SAM,XGBoost,0.6,16221,0.16230137960521063,0.4028664538097093
MAYC,SAM,XGBoost,0.7,16221,0.16254033478944027,0.40316291345985716
MAYC,SAM,XGBoost,0.8,16221,0.16281319863864724,0.40350117551086173
MAYC,SAM,XGBoost,0.9,16221,0.1631199711528316,0.40388113493060257
MAYC,SAM,XGBoost,1.0,16221,0.1634606523319934,0.40430267415884524
MAYC,SAM,LightGBM,0.0,16221,0.16157973046435822,0.40196981287698486
MAYC,SAM,LightGBM,0.1,16221,0.1616255008122266,0.40202674141433253
MAYC,SAM,LightGBM,0.2,16221,0.1617055070025493,0.4021262326714701
MAYC,SAM,LightGBM,0.3,16221,0.16181974903532637,0.402268255067842
MAYC,SAM,LightGBM,0.4,16221,0.1619682269105578,0.402452763576743
MAYC,SAM,LightGBM,0.5,16221,0.1621509406282436,0.40267969979655494
MAYC,SAM,LightGBM,0.6,16221,0.16236789018838377,0.4029489920428934
MAYC,SAM,LightGBM,0.7,16221,0.16261907559097824,0.40326055546132733
MAYC,SAM,LightGBM,0.8,16221,0.16290449683602715,0.4036142921602593
MAYC,SAM,LightGBM,0.9,16221,0.16322415392353035,0.4040100913634836
MAYC,SAM,LightGBM,1.0,16221,0.16357804685348795,0.4044478295818732
MAYC,SDXL_VAE,OLS,0.0,16221,0.16157973046435822,0.40196981287698486
MAYC,SDXL_VAE,OLS,0.1,16221,0.16150298274488442,0.40187433700708536
MAYC,SDXL_VAE,OLS,0.2,16221,0.16144944030559905,0.40180771558744244
MAYC,SDXL_VAE,OLS,0.3,16221,0.16141910314650218,0.40176996297197504
MAYC,SDXL_VAE,OLS,0.4,16221,0.16141197126759382,0.40176108729889937
MAYC,SDXL_VAE,OLS,0.5,16221,0.16142804466887395,0.40178109048196126
MAYC,SDXL_VAE,OLS,0.6,16221,0.16146732335034272,0.40182996820837386
MAYC,SDXL_VAE,OLS,0.7,16221,0.1615298073119998,0.40190770994346425
MAYC,SDXL_VAE,OLS,0.8,16221,0.16161549655384555,0.4020142989420222
MAYC,SDXL_VAE,OLS,0.9,16221,0.16172439107587971,0.40214971226631474
MAYC,SDXL_VAE,OLS,1.0,16221,0.16185649087810242,0.4023139208107301
MAYC,SDXL_VAE,Ridge,0.0,16221,0.16157973046435822,0.40196981287698486
MAYC,SDXL_VAE,Ridge,0.1,16221,0.16150298288708922,0.40187433718401233
MAYC,SDXL_VAE,Ridge,0.2,16221,0.16144944057143212,0.40180771591823883
MAYC,SDXL_VAE,Ridge,0.3,16221,0.16141910351738709,0.40176996343353877
MAYC,SDXL_VAE,Ridge,0.4,16221,0.16141197172495408,0.40176108786809367
MAYC,SDXL_VAE,Ridge,0.5,16221,0.16142804519413312,0.40178109113562466
MAYC,SDXL_VAE,Ridge,0.6,16221,0.1614673239249242,0.4018299689233298
MAYC,SDXL_VAE,Ridge,0.7,16221,0.16152980791732724,0.401907710696532
MAYC,SDXL_VAE,Ridge,0.8,16221,0.16161549717134238,0.4020142997100257
MAYC,SDXL_VAE,Ridge,0.9,16221,0.16172439168696942,0.4021497130260936
MAYC,SDXL_VAE,Ridge,1.0,16221,0.1618564914642086,0.4023139215391491
MAYC,SDXL_VAE,ElasticNet,0.0,16221,0.16157973046435822,0.40196981287698486
MAYC,SDXL_VAE,ElasticNet,0.1,16221,0.16150760407003467,0.4018800866801373
MAYC,SDXL_VAE,ElasticNet,0.2,16221,0.16145801949479738,0.40181839118536794
MAYC,SDXL_VAE,ElasticNet,0.3,16221,0.16143097673864645,0.4017847393053231
MAYC,SDXL_VAE,ElasticNet,0.4,16221,0.16142647580158187,0.4017791380865635
MAYC,SDXL_VAE,ElasticNet,0.5,16221,0.16144451668360366,0.40180158870218974
MAYC,SDXL_VAE,ElasticNet,0.6,16221,0.16148509938471178,0.40185208645061404
MAYC,SDXL_VAE,ElasticNet,0.7,16221,0.16154822390490628,0.40193062076048186
MAYC,SDXL_VAE,ElasticNet,0.8,16221,0.161633890244187,0.4020371752017306
MAYC,SDXL_VAE,ElasticNet,0.9,16221,0.16174209840255419,0.4021717275027599
MAYC,SDXL_VAE,ElasticNet,1.0,16221,0.16187284838000768,0.40233424957366937
MAYC,SDXL_VAE,PLS,0.0,16221,0.16157973046435822,0.40196981287698486
MAYC,SDXL_VAE,PLS,0.1,16221,0.1615029768167604,0.40187432963149117
MAYC,SDXL_VAE,PLS,0.2,16221,0.16144942878844573,0.40180770125576953
MAYC,SDXL_VAE,PLS,0.3,16221,0.16141908637941424,0.40176994210544703
MAYC,SDXL_VAE,PLS,0.4,16221,0.161411949589666,0.401761060320268
MAYC,SDXL_VAE,PLS,0.5,16221,0.16142801841920107,0.4017810578153244
MAYC,SDXL_VAE,PLS,0.6,16221,0.1614672928680193,0.40182993027899166
MAYC,SDXL_VAE,PLS,0.7,16221,0.1615297729361208,0.40190766717757553
MAYC,SDXL_VAE,PLS,0.8,16221,0.16161545862350551,0.40201425176665756
MAYC,SDXL_VAE,PLS,0.9,16221,0.16172434993017346,0.40214966110911177
MAYC,SDXL_VAE,PLS,1.0,16221,0.16185644685612466,0.4023138660997464
MAYC,SDXL_VAE,LinearSVR,0.0,16221,0.16157973046435822,0.40196981287698486
MAYC,SDXL_VAE,LinearSVR,0.1,16221,0.16151815619821716,0.40189321491935787
MAYC,SDXL_VAE,LinearSVR,0.2,16221,0.16147957280292474,0.4018452100037087
MAYC,SDXL_VAE,LinearSVR,0.3,16221,0.16146398027848116,0.40182580837781084
MAYC,SDXL_VAE,LinearSVR,0.4,16221,0.1614713786248864,0.401835014184785
MAYC,SDXL_VAE,LinearSVR,0.5,16221,0.1615017678421403,0.40187282545867703
MAYC,SDXL_VAE,LinearSVR,0.6,16221,0.1615551479302431,0.40193923412655685
MAYC,SDXL_VAE,LinearSVR,0.7,16221,0.1616315188891947,0.4020342260171324
MAYC,SDXL_VAE,LinearSVR,0.8,16221,0.16173088071899497,0.40215778087585846
MAYC,SDXL_VAE,LinearSVR,0.9,16221,0.16185323341964414,0.4023098723865028
MAYC,SDXL_VAE,LinearSVR,1.0,16221,0.16199857699114195,0.40249046819911394
MAYC,SDXL_VAE,HistGradientBoosting,0.0,16221,0.16157973046435822,0.40196981287698486
MAYC,SDXL_VAE,HistGradientBoosting,0.1,16221,0.161571026117139,0.401958985615621
MAYC,SDXL_VAE,HistGradientBoosting,0.2,16221,0.16157658780020137,0.40196590377817043
MAYC,SDXL_VAE,HistGradientBoosting,0.3,16221,0.16159641551354523,0.40199056644844944
MAYC,SDXL_VAE,HistGradientBoosting,0.4,16221,0.16163050925717057,0.40203297036085306
MAYC,SDXL_VAE,HistGradientBoosting,0.5,16221,0.16167886903107745,0.4020931099025168
MAYC,SDXL_VAE,HistGradientBoosting,0.6,16221,0.16174149483526584,0.402170977117029
MAYC,SDXL_VAE,HistGradientBoosting,0.7,16221,0.16181838666973586,0.40226656170969005
MAYC,SDXL_VAE,HistGradientBoosting,0.8,16221,0.1619095445344873,0.4023798510543083
MAYC,SDXL_VAE,HistGradientBoosting,0.9,16221,0.16201496842952035,0.40251083020152434
MAYC,SDXL_VAE,HistGradientBoosting,1.0,16221,0.16213465835483484,0.4026594818886485
MAYC,SDXL_VAE,XGBoost,0.0,16221,0.16157973046435822,0.40196981287698486
MAYC,SDXL_VAE,XGBoost,0.1,16221,0.161565036614311,0.4019515351560571
MAYC,SDXL_VAE,XGBoost,0.2,16221,0.16156525736851515,0.4019518097589749
MAYC,SDXL_VAE,XGBoost,0.3,16221,0.16158039272697092,0.401970636647717
MAYC,SDXL_VAE,XGBoost,0.4,16221,0.16161044268967817,0.4020080132157544
MAYC,SDXL_VAE,XGBoost,0.5,16221,0.1616554072566369,0.4020639342898551
MAYC,SDXL_VAE,XGBoost,0.6,16221,0.16171528642784724,0.4021383921336624
MAYC,SDXL_VAE,XGBoost,0.7,16221,0.16179008020330912,0.4022313764530424
MAYC,SDXL_VAE,XGBoost,0.8,16221,0.16187978858302252,0.4023428744031917
MAYC,SDXL_VAE,XGBoost,0.9,16221,0.16198441156698742,0.4024728705974943
MAYC,SDXL_VAE,XGBoost,1.0,16221,0.16210394915520385,0.40262134711811276
MAYC,SDXL_VAE,LightGBM,0.0,16221,0.16157973046435822,0.40196981287698486
MAYC,SDXL_VAE,LightGBM,0.1,16221,0.16155741335787632,0.401942052238723
MAYC,SDXL_VAE,LightGBM,0.2,16221,0.16155156822151276,0.4019347810547288
MAYC,SDXL_VAE,LightGBM,0.3,16221,0.16156219505526775,0.4019480004369567
MAYC,SDXL_VAE,LightGBM,0.4,16221,0.1615892938591412,0.40198170836387714
MAYC,SDXL_VAE,LightGBM,0.5,16221,0.16163286463313306,0.40203589968202225
MAYC,SDXL_VAE,LightGBM,0.6,16221,0.16169290737724346,0.40211056610992385
MAYC,SDXL_VAE,LightGBM,0.7,16221,0.16176942209147233,0.402205696244437
MAYC,SDXL_VAE,LightGBM,0.8,16221,0.16186240877581967,0.402321275569438
MAYC,SDXL_VAE,LightGBM,0.9,16221,0.1619718674302855,0.40245728646688145
MAYC,SDXL_VAE,LightGBM,1.0,16221,0.16209779805486976,0.40261370823019643
MAYC,DreamSim,OLS,0.0,16221,0.16157973046435822,0.40196981287698486
MAYC,DreamSim,OLS,0.1,16221,0.16158092015492506,0.4019712927000199
MAYC,DreamSim,OLS,0.2,16221,0.16161635231462648,0.4020153632818359
MAYC,DreamSim,OLS,0.3,16221,0.16168602694346265,0.4021020106185278
MAYC,DreamSim,OLS,0.4,16221,0.1617899440414334,0.4022312071948588
MAYC,DreamSim,OLS,0.5,16221,0.16192810360853893,0.40240291202790635
MAYC,DreamSim,OLS,0.6,16221,0.16210050564477904,0.40261707073195374
MAYC,DreamSim,OLS,0.7,16221,0.16230715015015387,0.4028736156043901
MAYC,DreamSim,OLS,0.8,16221,0.16254803712466334,0.4031724657323009
MAYC,DreamSim,OLS,0.9,16221,0.1628231665683075,0.4035135271193613
MAYC,DreamSim,OLS,1.0,16221,0.1631325384810864,0.40389669283256874
MAYC,DreamSim,Ridge,0.0,16221,0.16157973046435822,0.40196981287698486
MAYC,DreamSim,Ridge,0.1,16221,0.16158092026436885,0.40197129283615374
MAYC,DreamSim,Ridge,0.2,16221,0.16161635252999954,0.4020153635497026
MAYC,DreamSim,Ridge,0.3,16221,0.16168602726125042,0.402102011013686
MAYC,DreamSim,Ridge,0.4,16221,0.1617899444581215,0.40223120771282966
MAYC,DreamSim,Ridge,0.5,16221,0.16192810412061265,0.4024029126641762
MAYC,DreamSim,Ridge,0.6,16221,0.16210050624872394,0.4026170714819777
MAYC,DreamSim,Ridge,0.7,16221,0.1623071508424554,0.40287361646359443
MAYC,DreamSim,Ridge,0.8,16221,0.16254803790180702,0.4031724666960866
MAYC,DreamSim,Ridge,0.9,16221,0.16282316742677877,0.4035135281831066
MAYC,DreamSim,Ridge,1.0,16221,0.16313253941737071,0.40389669399163286
MAYC,DreamSim,ElasticNet,0.0,16221,0.16157973046435822,0.40196981287698486
MAYC,DreamSim,ElasticNet,0.1,16221,0.16158436030649853,0.4019755717783091
MAYC,DreamSim,ElasticNet,0.2,16221,0.16162303698554975,0.4020236771454509
MAYC,DreamSim,ElasticNet,0.3,16221,0.161695760501512,0.4021141137805436
MAYC,DreamSim,ElasticNet,0.4,16221,0.16180253085438515,0.4022468531317369
MAYC,DreamSim,ElasticNet,0.5,16221,0.1619433480441692,0.40242185333822167
MAYC,DreamSim,ElasticNet,0.6,16221,0.16211821207086427,0.4026390592961198
MAYC,DreamSim,ElasticNet,0.7,16221,0.16232712293447032,0.40289840274499766
MAYC,DreamSim,ElasticNet,0.8,16221,0.16257008063498735,0.4031998023746879
MAYC,DreamSim,ElasticNet,0.9,16221,0.16284708517241528,0.4035431639520304
MAYC,DreamSim,ElasticNet,1.0,16221,0.1631581365467542,0.40392838046707513
MAYC,DreamSim,PLS,0.0,16221,0.16157973046435822,0.40196981287698486
MAYC,DreamSim,PLS,0.1,16221,0.1615809201548827,0.40197129269996723
MAYC,DreamSim,PLS,0.2,16221,0.16161635231454222,0.4020153632817311
MAYC,DreamSim,PLS,0.3,16221,0.16168602694333675,0.40210201061837125
MAYC,DreamSim,PLS,0.4,16221,0.16178994404126643,0.4022312071946512
MAYC,DreamSim,PLS,0.5,16221,0.16192810360833107,0.40240291202764805
MAYC,DreamSim,PLS,0.6,16221,0.16210050564453077,0.40261707073164543
MAYC,DreamSim,PLS,0.7,16221,0.16230715014986558,0.4028736156040323
MAYC,DreamSim,PLS,0.8,16221,0.16254803712433544,0.40317246573189425
MAYC,DreamSim,PLS,0.9,16221,0.16282316656794035,0.4035135271189063
MAYC,DreamSim,PLS,1.0,16221,0.16313253848068032,0.4038966928320661
MAYC,DreamSim,LinearSVR,0.0,16221,0.16157973046435822,0.40196981287698486
MAYC,DreamSim,LinearSVR,0.1,16221,0.1615913991339785,0.4019843269755408
MAYC,DreamSim,LinearSVR,0.2,16221,0.1616369160677705,0.40204093829829135
MAYC,DreamSim,LinearSVR,0.3,16221,0.16171628126573417,0.40213962906649003
MAYC,DreamSim,LinearSVR,0.4,16221,0.1618294947278696,0.40228036831029873
MAYC,DreamSim,LinearSVR,0.5,16221,0.16197655645417672,0.4024631119173243
MAYC,DreamSim,LinearSVR,0.6,16221,0.16215746644465565,0.402687802701616
MAYC,DreamSim,LinearSVR,0.7,16221,0.16237222469930623,0.40295437049287136
MAYC,DreamSim,LinearSVR,0.8,16221,0.1626208312181285,0.4032627322455281
MAYC,DreamSim,LinearSVR,0.9,16221,0.1629032860011226,0.4036127921673477
MAYC,DreamSim,LinearSVR,1.0,16221,0.1632195890482884,0.4040044418670275
MAYC,DreamSim,HistGradientBoosting,0.0,16221,0.16157973046435822,0.40196981287698486
MAYC,DreamSim,HistGradientBoosting,0.1,16221,0.16157651240452175,0.40196580999448417
MAYC,DreamSim,HistGradientBoosting,0.2,16221,0.16160610404279238,0.40200261696012923
MAYC,DreamSim,HistGradientBoosting,0.3,16221,0.16166850537917,0.4020802225665545
MAYC,DreamSim,HistGradientBoosting,0.4,16221,0.16176371641365472,0.4021986031970458
MAYC,DreamSim,HistGradientBoosting,0.5,16221,0.16189173714624647,0.4023577228614439
MAYC,DreamSim,HistGradientBoosting,0.6,16221,0.1620525675769453,0.40255753325077065
MAYC,DreamSim,HistGradientBoosting,0.7,16221,0.16224620770575118,0.40279797381038446
MAYC,DreamSim,HistGradientBoosting,0.8,16221,0.1624726575326642,0.403078971831407
MAYC,DreamSim,HistGradientBoosting,0.9,16221,0.16273191705768428,0.40340044256009966
MAYC,DreamSim,HistGradientBoosting,1.0,16221,0.1630239862808113,0.4037622893248097
MAYC,DreamSim,XGBoost,0.0,16221,0.16157973046435822,0.40196981287698486
MAYC,DreamSim,XGBoost,0.1,16221,0.16157252517835158,0.4019608503055386
MAYC,DreamSim,XGBoost,0.2,16221,0.1615935927452752,0.40198705544491753
MAYC,DreamSim,XGBoost,0.3,16221,0.16164293316512918,0.40204842141852665
MAYC,DreamSim,XGBoost,0.4,16221,0.1617205464379135,0.4021449321300885
MAYC,DreamSim,XGBoost,0.5,16221,0.16182643256362814,0.4022765622847398
MAYC,DreamSim,XGBoost,0.6,16221,0.16196059154227313,0.4024432774221395
MAYC,DreamSim,XGBoost,0.7,16221,0.16212302337384843,0.40264503396148876
MAYC,DreamSim,XGBoost,0.8,16221,0.162313728058354,0.40288177925832536
MAYC,DreamSim,XGBoost,0.9,16221,0.16253270559579,0.4031534516729207
MAYC,DreamSim,XGBoost,1.0,16221,0.16277995598615633,0.4034599806500718
MAYC,DreamSim,LightGBM,0.0,16221,0.16157973046435822,0.40196981287698486
MAYC,DreamSim,LightGBM,0.1,16221,0.1615882504686887,0.40198041055341077
MAYC,DreamSim,LightGBM,0.2,16221,0.16162491125287815,0.4020260081796676
MAYC,DreamSim,LightGBM,0.3,16221,0.16168971281692665,0.40210659384910197
MAYC,DreamSim,LightGBM,0.4,16221,0.16178265516083426,0.40222214653203053
MAYC,DreamSim,LightGBM,0.5,16221,0.16190373828460086,0.4023726361031536
MAYC,DreamSim,LightGBM,0.6,16221,0.16205296218822654,0.4025580233807625
MAYC,DreamSim,LightGBM,0.7,16221,0.1622303268717113,0.4027782601776209
MAYC,DreamSim,LightGBM,0.8,16221,0.16243583233505507,0.40303328936336646
MAYC,DreamSim,LightGBM,0.9,16221,0.1626694785782579,0.4033230449382454
MAYC,DreamSim,LightGBM,1.0,16221,0.16293126560131982,0.40364745211795877
MAYC,AIM,OLS,0.0,16221,0.16157973046435822,0.40196981287698486
MAYC,AIM,OLS,0.1,16221,0.16161162610438476,0.4020094850925594
MAYC,AIM,OLS,0.2,16221,0.16168015111251413,0.4020947041587518
MAYC,AIM,OLS,0.3,16221,0.16178530548874628,0.40222544112567804
MAYC,AIM,OLS,0.4,16221,0.1619270892330814,0.4024016516281729
MAYC,AIM,OLS,0.5,16221,0.16210550234551935,0.4026232759609401
MAYC,AIM,OLS,0.6,16221,0.16232054482606018,0.4028902391794323
MAYC,AIM,OLS,0.7,16221,0.162572216674704,0.4032024512260609
MAYC,AIM,OLS,0.8,16221,0.16286051789145056,0.4035598070812436
MAYC,AIM,OLS,0.9,16221,0.1631854484763001,0.40396218693870356
MAYC,AIM,OLS,1.0,16221,0.16354700842925243,0.40440945640433834
MAYC,AIM,Ridge,0.0,16221,0.16157973046435822,0.40196981287698486
MAYC,AIM,Ridge,0.1,16221,0.1616122353487563,0.40201024284059766
MAYC,AIM,Ridge,0.2,16221,0.1616811815101465,0.4020959854439565
MAYC,AIM,Ridge,0.3,16221,0.16178656894852886,0.4022270117092198
MAYC,AIM,Ridge,0.4,16221,0.16192839766390346,0.4024032774020404
MAYC,AIM,Ridge,0.5,16221,0.16210666765627016,0.40262472310610803
MAYC,AIM,Ridge,0.6,16221,0.16232137892562903,0.4028912743230226
MAYC,AIM,Ridge,0.7,16221,0.1625725314719802,0.40320284159710507
MAYC,AIM,Ridge,0.8,16221,0.1628601252953234,0.4035593206646619
MAYC,AIM,Ridge,0.9,16221,0.1631841603956588,0.40396059262712597
MAYC,AIM,Ridge,1.0,16221,0.1635446367729864,0.4044065241474059
MAYC,AIM,ElasticNet,0.0,16221,0.16157973046435822,0.40196981287698486
MAYC,AIM,ElasticNet,0.1,16221,0.1616176421343972,0.4020169674707738
MAYC,AIM,ElasticNet,0.2,16221,0.1616913281162745,0.4021086023902927
MAYC,AIM,ElasticNet,0.3,16221,0.16180078840999032,0.40224468723650075
MAYC,AIM,ElasticNet,0.4,16221,0.16194602301554467,0.40242517691559093
MAYC,AIM,ElasticNet,0.5,16221,0.1621270319329374,0.4026500117135692
MAYC,AIM,ElasticNet,0.6,16221,0.16234381516216861,0.40291911739475533
MAYC,AIM,ElasticNet,0.7,16221,0.16259637270323835,0.40323240532382604
MAYC,AIM,ElasticNet,0.8,16221,0.16288470455614654,0.40358977261093537
MAYC,AIM,ElasticNet,0.9,16221,0.16320881072089313,0.403991102279361
MAYC,AIM,ElasticNet,1.0,16221,0.1635686911974783,0.4044362634550447
MAYC,AIM,PLS,0.0,16221,0.16157973046435822,0.40196981287698486
MAYC,AIM,PLS,0.1,16221,0.1616178403817831,0.4020172140366418
MAYC,AIM,PLS,0.2,16221,0.1616928738242182,0.4021105243887782
MAYC,AIM,PLS,0.3,16221,0.16180483079166352,0.40224971198456255
MAYC,AIM,PLS,0.4,16221,0.16195371128411928,0.4024347292221675
MAYC,AIM,PLS,0.5,16221,0.16213951530158527,0.4026655129280198
MAYC,AIM,PLS,0.6,16221,0.16236224284406145,0.40294198446434126
MAYC,AIM,PLS,0.7,16221,0.16262189391154797,0.40326404986255343
MAYC,AIM,PLS,0.8,16221,0.1629184685040448,0.40363159998201925
MAYC,AIM,PLS,0.9,16221,0.16325196662155186,0.4040445106935025
MAYC,AIM,PLS,1.0,16221,0.16362238826406925,0.4045026430866296
MAYC,AIM,LinearSVR,0.0,16221,0.16157973046435822,0.40196981287698486
MAYC,AIM,LinearSVR,0.1,16221,0.16162184550528313,0.4020221952893685
MAYC,AIM,LinearSVR,0.2,16221,0.16170029122223842,0.4021197473666749
MAYC,AIM,LinearSVR,0.3,16221,0.16181506761522418,0.40226243624681657
MAYC,AIM,LinearSVR,0.4,16221,0.16196617468424035,0.4024502139199833
MAYC,AIM,LinearSVR,0.5,16221,0.162153612429287,0.40268301730925654
MAYC,AIM,LinearSVR,0.6,16221,0.16237738085036418,0.4029607683762331
MAYC,AIM,LinearSVR,0.7,16221,0.16263747994747177,0.4032833742512475
MAYC,AIM,LinearSVR,0.8,16221,0.1629339097206098,0.40365072738768826
MAYC,AIM,LinearSVR,0.9,16221,0.16326667016977833,0.4040627057398125
MAYC,AIM,LinearSVR,1.0,16221,0.16363576129497726,0.40451917296338036
MAYC,AIM,HistGradientBoosting,0.0,16221,0.16157973046435822,0.40196981287698486
MAYC,AIM,HistGradientBoosting,0.1,16221,0.16159354546265609,0.4019869966337917
MAYC,AIM,HistGradientBoosting,0.2,16221,0.16163537701221428,0.4020390242404514
MAYC,AIM,HistGradientBoosting,0.3,16221,0.1617052251130331,0.40212588217252704
MAYC,AIM,HistGradientBoosting,0.4,16221,0.16180308976511237,0.4022475478671217
MAYC,AIM,HistGradientBoosting,0.5,16221,0.16192897096845218,0.40240398975215463
MAYC,AIM,HistGradientBoosting,0.6,16221,0.16208286872305253,0.4025951672872546
MAYC,AIM,HistGradientBoosting,0.7,16221,0.16226478302891328,0.402821031016149
MAYC,AIM,HistGradientBoosting,0.8,16221,0.1624747138860346,0.4030815226303912
MAYC,AIM,HistGradientBoosting,0.9,16221,0.16271266129441647,0.4033765750442339
MAYC,AIM,HistGradientBoosting,1.0,16221,0.16297862525405885,0.4037061124804266
MAYC,AIM,XGBoost,0.0,16221,0.16157973046435822,0.40196981287698486
MAYC,AIM,XGBoost,0.1,16221,0.16161336470251889,0.40201164747121304
MAYC,AIM,XGBoost,0.2,16221,0.1616727267637164,0.40208547196300987
MAYC,AIM,XGBoost,0.3,16221,0.16175781664795066,0.4021912687365934
MAYC,AIM,XGBoost,0.4,16221,0.16186863435522164,0.4023290125695904
MAYC,AIM,XGBoost,0.5,16221,0.1620051798855295,0.40249867066305883
MAYC,AIM,XGBoost,0.6,16221,0.16216745323887416,0.4027002026804483
MAYC,AIM,XGBoost,0.7,16221,0.16235545441525548,0.402933560795394
MAYC,AIM,XGBoost,0.8,16221,0.16256918341467366,0.40319868974821044
MAYC,AIM,XGBoost,0.9,16221,0.16280864023712877,0.40349552691092966
MAYC,AIM,XGBoost,1.0,16221,0.1630738248826206,0.40382400236070737
MAYC,AIM,LightGBM,0.0,16221,0.16157973046435822,0.40196981287698486
MAYC,AIM,LightGBM,0.1,16221,0.16161143382324758,0.4020092459424877
MAYC,AIM,LightGBM,0.2,16221,0.16166863733407322,0.40208038665678936
MAYC,AIM,LightGBM,0.3,16221,0.16175134099683508,0.40218321819394093
MAYC,AIM,LightGBM,0.4,16221,0.16185954481153322,0.4023177162536261
MAYC,AIM,LightGBM,0.5,16221,0.16199324877816776,0.40248384908983337
MAYC,AIM,LightGBM,0.6,16221,0.16215245289673844,0.402681577548239
MAYC,AIM,LightGBM,0.7,16221,0.16233715716724548,0.40291085511220154
MAYC,AIM,LightGBM,0.8,16221,0.16254736158968874,0.40317162795723704
MAYC,AIM,LightGBM,0.9,16221,0.16278306616406835,0.40346383501383165
MAYC,AIM,LightGBM,1.0,16221,0.1630442708903842,0.4037874080384184
