collection,encoder,family,training_equal_token_n_transactions,training_equal_token_n_tokens,training_equal_token_rmse,training_equal_token_mae,training_equal_token_r2,training_equal_token_target_sd,training_transaction_rmse,training_transaction_mae,training_transaction_r2,training_transaction_target_sd
BAYC,DINOv2,OLS,35206,5746,0.8694669574878261,0.1639621490735848,0.01812256750162944,0.877454171372585,0.7702593520176705,0.11324384661372221,0.01109111635901916,0.7745667336219184
BAYC,DINOv2,Ridge,35206,5746,0.8594117488539045,0.1703727798089574,0.04070167262951507,0.877454171372585,0.769166690208885,0.11695499687694944,0.013894786466449816,0.7745667336219184
BAYC,DINOv2,ElasticNet,35206,5746,0.8563467552314626,0.1670989354643834,0.04753192655338423,0.877454171372585,0.7686274165763956,0.11673824546938279,0.015277046327312638,0.7745667336219184
BAYC,DINOv2,PLS,35206,5746,0.8589791075280995,0.1686267668832285,0.04166728110280338,0.877454171372585,0.7693010721141709,0.11713784695500808,0.013550189450006522,0.7745667336219184
BAYC,DINOv2,LinearSVR,35206,5746,0.8615331675719952,0.1638750794183808,0.03595985900264975,0.877454171372585,0.7686956466326365,0.11413767877188909,0.015102213415698507,0.7745667336219184
BAYC,DINOv2,HistGradientBoosting,35206,5746,0.8606930113153277,0.16050721163077808,0.03783918173300771,0.877454171372585,0.7677162862084069,0.10949298280351645,0.01761024233669306,0.7745667336219184
BAYC,DINOv2,XGBoost,35206,5746,0.8525724518906647,0.15556284639489165,0.055909330299426574,0.877454171372585,0.7660019426088939,0.10860645390014109,0.02199278112001679,0.7745667336219184
BAYC,DINOv2,LightGBM,35206,5746,0.856030198504088,0.15081962691664014,0.048235974175132146,0.877454171372585,0.7657029537859825,0.10525554324255969,0.02275611119264953,0.7745667336219184
BAYC,CLIP,OLS,35206,5746,0.8611477669636661,0.16399457517201604,0.036822178800759,0.877454171372585,0.7689449154834318,0.11403229967211968,0.01446335421060374,0.7745667336219184
BAYC,CLIP,Ridge,35206,5746,0.8592288238908081,0.16988761614659686,0.041110000619057896,0.877454171372585,0.7691325060403673,0.11684333164136228,0.01398243570595481,0.7745667336219184
BAYC,CLIP,ElasticNet,35206,5746,0.8565272665589982,0.16692434686883842,0.04713033830371827,0.877454171372585,0.7686255838729072,0.11663364255168278,0.015281742238495988,0.7745667336219184
BAYC,CLIP,PLS,35206,5746,0.8572518282019901,0.16577888647846728,0.04551753540796155,0.877454171372585,0.7688223940222417,0.11633395309182969,0.01477739431292513,0.7745667336219184
BAYC,CLIP,LinearSVR,35206,5746,0.8600885947405674,0.16487946620677943,0.03919005073020587,0.877454171372585,0.768684022304744,0.1151076780382378,0.015132000726962525,0.7745667336219184
BAYC,CLIP,HistGradientBoosting,35206,5746,0.8595620018564198,0.15947141183278477,0.0403662104854734,0.877454171372585,0.7674709872858858,0.10922158211517374,0.01823792382484224,0.7745667336219184
BAYC,CLIP,XGBoost,35206,5746,0.8540067061534448,0.157618442736704,0.05273023387282927,0.877454171372585,0.7662847791288875,0.10909460598452352,0.02127041421352649,0.7745667336219184
BAYC,CLIP,LightGBM,35206,5746,0.8614991901281898,0.16213100208497616,0.036035897801934724,0.877454171372585,0.7678224790671335,0.10968081259791446,0.01733844924399286,0.7745667336219184
BAYC,SigLIP2,OLS,35206,5746,0.8662862791744333,0.1637457932209188,0.025293222795084613,0.877454171372585,0.7694938157639704,0.11289447591761366,0.013055829668340735,0.7745667336219184
BAYC,SigLIP2,Ridge,35206,5746,0.8559550859499506,0.16381575139213325,0.048402992326157857,0.877454171372585,0.768394473479766,0.1149522753640222,0.015873823517810304,0.7745667336219184
BAYC,SigLIP2,ElasticNet,35206,5746,0.8565032129399271,0.16730638405144796,0.04718385590422969,0.877454171372585,0.7687749562279442,0.11694545876750687,0.014898970754493868,0.7745667336219184
BAYC,SigLIP2,PLS,35206,5746,0.8584101281092469,0.16792458756402653,0.04293644119618467,0.877454171372585,0.7694367212901284,0.11730923103985323,0.013202281703390661,0.7745667336219184
BAYC,SigLIP2,LinearSVR,35206,5746,0.8586684198432087,0.16361256534067298,0.042360402333307956,0.877454171372585,0.7684213184928915,0.11457590509752409,0.015805058469314126,0.7745667336219184
BAYC,SigLIP2,HistGradientBoosting,35206,5746,0.8567699568352094,0.1569522456594469,0.04659028552975997,0.877454171372585,0.7668067938869618,0.10862189840626078,0.019936483733790533,0.7745667336219184
BAYC,SigLIP2,XGBoost,35206,5746,0.8517215171229194,0.15379745640211626,0.05779294421343528,0.877454171372585,0.7657425881915082,0.10811703942342754,0.022654940150190983,0.7745667336219184
BAYC,SigLIP2,LightGBM,35206,5746,0.8585105906618841,0.15967420671811478,0.04271241151311367,0.877454171372585,0.767169342472398,0.10917941566281597,0.019009510622353787,0.7745667336219184
BAYC,SAM,OLS,35206,5746,0.8580312016156127,0.16558509205480892,0.04378120451661216,0.877454171372585,0.7689683517105614,0.116046662505249,0.014403278092811056,0.7745667336219184
BAYC,SAM,Ridge,35206,5746,0.8566913340362116,0.16538534752704165,0.04676525968787104,0.877454171372585,0.7688373339982636,0.11655948364029586,0.014739103687591126,0.7745667336219184
BAYC,SAM,ElasticNet,35206,5746,0.8564464337401937,0.1660077360246025,0.04731017964508166,0.877454171372585,0.768789529929078,0.11683584236716087,0.014861621192181707,0.7745667336219184
BAYC,SAM,PLS,35206,5746,0.8571105076258962,0.165669318616908,0.045832208154010345,0.877454171372585,0.7689448528489505,0.11663045543318282,0.014463514764559648,0.7745667336219184
BAYC,SAM,LinearSVR,35206,5746,0.8563396037981862,0.16595756802361425,0.04754783479006963,0.877454171372585,0.7686373759683728,0.1169760381608592,0.015251527317162505,0.7745667336219184
BAYC,SAM,HistGradientBoosting,35206,5746,0.8566068566661728,0.15460669166938423,0.046953245232641105,0.877454171372585,0.7665173712849751,0.10736831549457221,0.020676172021691364,0.7745667336219184
BAYC,SAM,XGBoost,35206,5746,0.8548728428996017,0.16034941275678735,0.05080781053249428,0.877454171372585,0.7669871133481087,0.11099375857021088,0.019475493284837886,0.7745667336219184
BAYC,SAM,LightGBM,35206,5746,0.8494209880387832,0.14223088051106053,0.06287593752680654,0.877454171372585,0.7638169448048717,0.1026087930581763,0.027564296602529348,0.7745667336219184
BAYC,SDXL_VAE,OLS,35206,5746,0.8613156215505309,0.16308963535052562,0.03644665771563027,0.877454171372585,0.7687479717216718,0.11276307162509337,0.014968124928043225,0.7745667336219184
BAYC,SDXL_VAE,Ridge,35206,5746,0.8585564238914628,0.16765022824228776,0.042610195527698624,0.877454171372585,0.7684848913524633,0.11459504327963174,0.015642203344169214,0.7745667336219184
BAYC,SDXL_VAE,ElasticNet,35206,5746,0.8561792080023195,0.16510521216064172,0.04790459749317699,0.877454171372585,0.7681793980806416,0.11461425243223934,0.01642466482458882,0.7745667336219184
BAYC,SDXL_VAE,PLS,35206,5746,0.8617500543713863,0.16490491013743808,0.035474413039733976,0.877454171372585,0.7691466094031691,0.11360323709380318,0.013946274730243569,0.7745667336219184
BAYC,SDXL_VAE,LinearSVR,35206,5746,0.8607439714361348,0.1645448439519067,0.037725242657322466,0.877454171372585,0.7687101694992449,0.1139571474187718,0.015064997973259997,0.7745667336219184
BAYC,SDXL_VAE,HistGradientBoosting,35206,5746,0.8467425526315077,0.1417634062853316,0.06877658970520784,0.877454171372585,0.7635908713272119,0.10306687491025839,0.02813985174963496,0.7745667336219184
BAYC,SDXL_VAE,XGBoost,35206,5746,0.8462433392183379,0.14101452281539006,0.06987430748583745,0.877454171372585,0.7634216254111132,0.10291654268968876,0.028570619426013577,0.7745667336219184
BAYC,SDXL_VAE,LightGBM,35206,5746,0.8538198955920919,0.15573174050962976,0.05314461151375649,0.877454171372585,0.7660901678059941,0.10799861811895307,0.021767481825501034,0.7745667336219184
BAYC,DreamSim,OLS,35206,5746,0.8572417723405521,0.16048922179694922,0.04553992809771368,0.877454171372585,0.7678927825582169,0.11234271201099925,0.01715849176105899,0.7745667336219184
BAYC,DreamSim,Ridge,35206,5746,0.8585265348465827,0.16773054404404142,0.04267685385775166,0.877454171372585,0.7686003764173733,0.11467665118885093,0.015346329822328642,0.7745667336219184
BAYC,DreamSim,ElasticNet,35206,5746,0.8573988180761488,0.1685169594354617,0.04519018402521846,0.877454171372585,0.7686588661486355,0.11612515478146287,0.01519646177210543,0.7745667336219184
BAYC,DreamSim,PLS,35206,5746,0.8581468624873921,0.1610602646120911,0.043523394419678896,0.877454171372585,0.7680908523401084,0.11249474757551844,0.01665139932764348,0.7745667336219184
BAYC,DreamSim,LinearSVR,35206,5746,0.8571410079587392,0.16194334638862762,0.0457642987005934,0.877454171372585,0.7677791245577761,0.11347729702070805,0.01744941657769672,0.7745667336219184
BAYC,DreamSim,HistGradientBoosting,35206,5746,0.8569186935723494,0.15849098076795878,0.04625922966597684,0.877454171372585,0.7667939125268108,0.10876358385901572,0.019969411050518637,0.7745667336219184
BAYC,DreamSim,XGBoost,35206,5746,0.8468560809449981,0.1422628325662752,0.06852686253553619,0.877454171372585,0.7635988693595657,0.10322281752126679,0.02811949265444702,0.7745667336219184
BAYC,DreamSim,LightGBM,35206,5746,0.8496778081778985,0.14495283834175224,0.06230917800756541,0.877454171372585,0.7640855229562422,0.10358802439692974,0.026880308368639527,0.7745667336219184
BAYC,AIM,OLS,35206,5746,0.8569854451304303,0.16126237093163726,0.04611063642716984,0.877454171372585,0.7677717628420041,0.11244861247093683,0.017468258516004087,0.7745667336219184
BAYC,AIM,Ridge,35206,5746,0.8542090087438508,0.16181647582085631,0.052281390031207464,0.877454171372585,0.7677846421467048,0.11388957380211476,0.017435294470107388,0.7745667336219184
BAYC,AIM,ElasticNet,35206,5746,0.8564461338696902,0.16703007209423104,0.04731084678202069,0.877454171372585,0.7687094303279784,0.11688068392980304,0.015066892146985422,0.7745667336219184
BAYC,AIM,PLS,35206,5746,0.8578298295518485,0.1670196588079597,0.044229983433645814,0.877454171372585,0.7692322816974329,0.11699233193512382,0.013726597002512775,0.7745667336219184
BAYC,AIM,LinearSVR,35206,5746,0.8539009599188642,0.16027185923650783,0.05296480816471083,0.877454171372585,0.7672692615829841,0.11281893665732567,0.018753957969248725,0.7745667336219184
BAYC,AIM,HistGradientBoosting,35206,5746,0.8581337672398621,0.1576278293309149,0.0435525856989033,0.877454171372585,0.7671702217588909,0.10891671630969077,0.019007261908455808,0.7745667336219184
BAYC,AIM,XGBoost,35206,5746,0.8520333443819326,0.15386394864139763,0.0571029073388174,0.877454171372585,0.7658482966689771,0.10825280581754267,0.02238508239145387,0.7745667336219184
BAYC,AIM,LightGBM,35206,5746,0.8521075520532277,0.14555314666506375,0.056938657324428155,0.877454171372585,0.7647949953516929,0.1038675867497118,0.02507233775427342,0.7745667336219184
MAYC,DINOv2,OLS,95207,9568,0.7300164729523246,0.16766958512699517,0.033357070170935366,0.7425054073221995,0.5480626700300936,0.10698532446500725,0.019600938877361584,0.5535142152344568
MAYC,DINOv2,Ridge,95207,9568,0.7309200228705806,0.16908431669281646,0.030962738843963944,0.7425054073221995,0.548637733536126,0.10786474927993235,0.017542460765355816,0.5535142152344568
MAYC,DINOv2,ElasticNet,95207,9568,0.7306138957356089,0.16858755169688622,0.0317742817469443,0.7425054073221995,0.5485560482281215,0.1077505486673876,0.01783499030717306,0.5535142152344568
MAYC,DINOv2,PLS,95207,9568,0.7315855345230318,0.17001694124881783,0.02919729483915423,0.7425054073221995,0.5490643509037388,0.10887749776421232,0.016013960695596796,0.5535142152344568
MAYC,DINOv2,LinearSVR,95207,9568,0.7300092144089215,0.16810774263961734,0.03337629270916409,0.7425054073221995,0.5480351487762009,0.1072334917488301,0.01969939890939787,0.5535142152344568
MAYC,DINOv2,HistGradientBoosting,95207,9568,0.7267346048055909,0.1587676716638162,0.042028829880583096,0.7425054073221995,0.5455875536113093,0.10148957653025921,0.028436141615522437,0.5535142152344568
MAYC,DINOv2,XGBoost,95207,9568,0.7269570761024114,0.1601615245306672,0.04144222313880641,0.7425054073221995,0.5458500200837928,0.10221393121775968,0.027501133936911004,0.5535142152344568
MAYC,DINOv2,LightGBM,95207,9568,0.7276894368226016,0.16057205747406558,0.039509884350092395,0.7425054073221995,0.545791896164005,0.1018981846299195,0.027708232716783132,0.5535142152344568
MAYC,CLIP,OLS,95207,9568,0.7303269209087484,0.16786096043989956,0.03253474316286098,0.7425054073221995,0.5482566874290978,0.10731604094822984,0.018906681980300433,0.5535142152344568
MAYC,CLIP,Ridge,95207,9568,0.7303736811208001,0.16799518158699112,0.03241085253933673,0.7425054073221995,0.5483675510592786,0.10752396274575031,0.018509865794434255,0.5535142152344568
MAYC,CLIP,ElasticNet,95207,9568,0.7305406919969052,0.1682483284199423,0.031968294459012725,0.7425054073221995,0.5484643615681258,0.10763547305642343,0.0181632845768801,0.5535142152344568
MAYC,CLIP,PLS,95207,9568,0.7304875477965926,0.16836878432789015,0.03210913096600787,0.7425054073221995,0.5485401439017401,0.1078738168719806,0.017891941448189064,0.5535142152344568
MAYC,CLIP,LinearSVR,95207,9568,0.7303317690925459,0.16825822528402473,0.032521898326344334,0.7425054073221995,0.5482836034258505,0.1076481473213781,0.01881034844391216,0.5535142152344568
MAYC,CLIP,HistGradientBoosting,95207,9568,0.7266578370482993,0.15844703380132713,0.042231207512168134,0.7425054073221995,0.545596752846474,0.10152464797655505,0.02840337796576098,0.5535142152344568
MAYC,CLIP,XGBoost,95207,9568,0.7261926974644661,0.1587859306595561,0.04345696624476325,0.7425054073221995,0.5455923896897673,0.10191640882275102,0.02841891768935667,0.5535142152344568
MAYC,CLIP,LightGBM,95207,9568,0.727795433903669,0.16022468761470016,0.0392300491391091,0.7425054073221995,0.5458317875322234,0.10182739409087387,0.027566099912712194,0.5535142152344568
MAYC,SigLIP2,OLS,95207,9568,0.7302294276907266,0.16752692082006224,0.03279302477049917,0.7425054073221995,0.5480760668316518,0.10690298851668328,0.019553008693776075,0.5535142152344568
MAYC,SigLIP2,Ridge,95207,9568,0.7304066404601333,0.16797201217395474,0.032323522397409876,0.7425054073221995,0.5484353568753234,0.10755484705594677,0.018267127675189676,0.5535142152344568
MAYC,SigLIP2,ElasticNet,95207,9568,0.7305369704251251,0.16825567337292152,0.0319781572643042,0.7425054073221995,0.5485495929264124,0.10777221782135045,0.017858106027731968,0.5535142152344568
MAYC,SigLIP2,PLS,95207,9568,0.7304697246457669,0.16825505267999052,0.03215636148907963,0.7425054073221995,0.5484666003074857,0.10776033604230059,0.018155269175552657,0.5535142152344568
MAYC,SigLIP2,LinearSVR,95207,9568,0.7302646747285549,0.16807732384485738,0.03269965136670283,0.7425054073221995,0.5482679452998098,0.10748567189723986,0.018866390141157208,0.5535142152344568
MAYC,SigLIP2,HistGradientBoosting,95207,9568,0.7265758196322797,0.15821305776123012,0.0424474008409802,0.7425054073221995,0.5456015636525247,0.10147353698457606,0.028386243759991214,0.5535142152344568
MAYC,SigLIP2,XGBoost,95207,9568,0.7258555256837207,0.15825807220828825,0.044345007246011314,0.7425054073221995,0.5454553195136013,0.10156680003855585,0.028907040558205366,0.5535142152344568
MAYC,SigLIP2,LightGBM,95207,9568,0.7286439599600603,0.16183777711658287,0.03698844789586497,0.7425054073221995,0.5462072188901136,0.10248203544376464,0.026227930379781772,0.5535142152344568
MAYC,SAM,OLS,95207,9568,0.7306034536861377,0.16842256592173363,0.031801957619685184,0.7425054073221995,0.5487030747467784,0.10805562980525422,0.01730843097183732,0.5535142152344568
MAYC,SAM,Ridge,95207,9568,0.7306037350230314,0.1684218920874346,0.03180121196243213,0.7425054073221995,0.5487041851156991,0.1080549734383301,0.017304453770574324,0.5535142152344568
MAYC,SAM,ElasticNet,95207,9568,0.7308926920057809,0.1690915658215837,0.031035206775829605,0.7425054073221995,0.5489398078135846,0.10859069191006583,0.016460300958178853,0.5535142152344568
MAYC,SAM,PLS,95207,9568,0.7307528892578153,0.16881965918506583,0.03140585211599467,0.7425054073221995,0.5488177262025133,0.10829131404609886,0.016897721446066494,0.5535142152344568
MAYC,SAM,LinearSVR,95207,9568,0.7306892412654417,0.16888570301941852,0.03157457231964078,0.7425054073221995,0.5487263557546834,0.10824438606729181,0.01722503965661437,0.5535142152344568
MAYC,SAM,HistGradientBoosting,95207,9568,0.7285678050923777,0.1625752666507049,0.03718973738390907,0.7425054073221995,0.5464774217046511,0.10321766070294723,0.025264263020074784,0.5535142152344568
MAYC,SAM,XGBoost,95207,9568,0.7278580896914612,0.16264161351640496,0.03906461696802599,0.7425054073221995,0.546472201496649,0.10365669964397091,0.02528288519471178,0.5535142152344568
MAYC,SAM,LightGBM,95207,9568,0.7262598319133049,0.15715569925630368,0.04328009870554128,0.7425054073221995,0.5451649862708015,0.10081681239755633,0.02994054604498453,0.5535142152344568
MAYC,SDXL_VAE,OLS,95207,9568,0.7305467145389636,0.16799235104465282,0.03195233358029537,0.7425054073221995,0.5482047145992415,0.1070642053957176,0.019092681642184917,0.5535142152344568
MAYC,SDXL_VAE,Ridge,95207,9568,0.7301468199495904,0.16779839477488612,0.03301184439375959,0.7425054073221995,0.5481870101398313,0.10715694980648953,0.019156038096126538,0.5535142152344568
MAYC,SDXL_VAE,ElasticNet,95207,9568,0.7301755693266211,0.16795319135063608,0.0329356929852328,0.7425054073221995,0.54825205926418,0.10729882850433468,0.018923245909622022,0.5535142152344568
MAYC,SDXL_VAE,PLS,95207,9568,0.7300493285805262,0.1679036291206587,0.03327005740730182,0.7425054073221995,0.5482441528055992,0.10735324840786807,0.018951542335173266,0.5535142152344568
MAYC,SDXL_VAE,LinearSVR,95207,9568,0.7303912020293771,0.16827688926125955,0.03236442905838732,0.7425054073221995,0.5481397186343782,0.1072791757933788,0.019325263509708535,0.5535142152344568
MAYC,SDXL_VAE,HistGradientBoosting,95207,9568,0.7252547665910449,0.15698173264624316,0.045926260869104785,0.7425054073221995,0.5452125687891305,0.10118233532789221,0.02977120323221416,0.5535142152344568
MAYC,SDXL_VAE,XGBoost,95207,9568,0.725505108654563,0.15783704963691247,0.0452674964690567,0.7425054073221995,0.5452968985365948,0.10140687825932562,0.029471043325010604,0.5535142152344568
MAYC,SDXL_VAE,LightGBM,95207,9568,0.7250144826409933,0.15665254050634916,0.04655834394140501,0.7425054073221995,0.5450609677290559,0.10089808186199913,0.03031068919794444,0.5535142152344568
MAYC,DreamSim,OLS,95207,9568,0.7303296305895438,0.16794642117634467,0.03252756411245272,0.7425054073221995,0.5481417455969237,0.1069846680245951,0.019318010633961658,0.5535142152344568
MAYC,DreamSim,Ridge,95207,9568,0.7307346386416285,0.16871928137880743,0.03145423295593641,0.7425054073221995,0.5483994443508858,0.1073909058836233,0.01839569470135649,0.5535142152344568
MAYC,DreamSim,ElasticNet,95207,9568,0.7304837924380737,0.16822757751331058,0.03211908258773866,0.7425054073221995,0.5483757231082097,0.10731921560715581,0.018480612257635753,0.5535142152344568
MAYC,DreamSim,PLS,95207,9568,0.7303256161910229,0.1679617952842256,0.03253819988314821,0.7425054073221995,0.5481469098492373,0.10698693377500619,0.01929953178928201,0.5535142152344568
MAYC,DreamSim,LinearSVR,95207,9568,0.7302837097399859,0.16834048732538628,0.03264922358674616,0.7425054073221995,0.5481066385173713,0.10723831197485398,0.019443626967152627,0.5535142152344568
MAYC,DreamSim,HistGradientBoosting,95207,9568,0.7263497049117499,0.15814915687123504,0.0430433002415741,0.7425054073221995,0.545354843438733,0.10116257477398988,0.02926476966552083,0.5535142152344568
MAYC,DreamSim,XGBoost,95207,9568,0.7260558296909514,0.15883258688829893,0.04381749748755437,0.7425054073221995,0.5454454480113234,0.10164362792924665,0.028942189393588946,0.5535142152344568
MAYC,DreamSim,LightGBM,95207,9568,0.7270010879353659,0.15900843694120959,0.04132615256677297,0.7425054073221995,0.5454551007993457,0.10132962214705678,0.0289078193271477,0.5535142152344568
MAYC,AIM,OLS,95207,9568,0.7301084235659198,0.16767204260984958,0.033113544136775586,0.7425054073221995,0.5480946940836173,0.10692008085267013,0.019486363406376883,0.5535142152344568
MAYC,AIM,Ridge,95207,9568,0.7310530743949881,0.16928347929199528,0.030609913320800652,0.7425054073221995,0.5487273764465249,0.10801741834058504,0.017221383512503796,0.5535142152344568
MAYC,AIM,ElasticNet,95207,9568,0.7324262614221635,0.17179580653582804,0.026964749551710465,0.7425054073221995,0.5494099182211303,0.1092032001832604,0.014774978708728903,0.5535142152344568
MAYC,AIM,PLS,95207,9568,0.7320100188812424,0.17065533737904282,0.028070399632891152,0.7425054073221995,0.5492300337000822,0.10909359297277807,0.015420026102096918,0.5535142152344568
MAYC,AIM,LinearSVR,95207,9568,0.7301277004173451,0.168071367530577,0.033062486589685025,0.7425054073221995,0.5480804312291647,0.10716928456773661,0.019537393790273527,0.5535142152344568
MAYC,AIM,HistGradientBoosting,95207,9568,0.7271701660053853,0.1597634190832292,0.04088018467140586,0.7425054073221995,0.5458292384872402,0.10201975918241422,0.02757518246167001,0.5535142152344568
MAYC,AIM,XGBoost,95207,9568,0.7256224718742665,0.15828923789884367,0.04495858191476365,0.7425054073221995,0.5454284783200449,0.10178716977460997,0.02900261081605182,0.5535142152344568
MAYC,AIM,LightGBM,95207,9568,0.7274137518697406,0.1599304034083625,0.04023750935203019,0.7425054073221995,0.545727153988617,0.1018310461527767,0.027938886748423486,0.5535142152344568
